card_id,name,rarity,🪨 Stone,🌪️ Wind,✨ Veil,📖 Oath,👁️ Eye,⚖️ Weight,♨ Upkeep,rules_text,section,initiative_text,initiative_summary
1,Adamu,rare,🪨 3,🌪️ 7,✨ 7,📖 3,👁️ 3,⚖️ 4,♨ 11,"Dark-haired, olive-to-bronze skin, modest height, simple reed, wool, or bronze-trimmed garments.",Heroes,,
2,Rook,rare,🪨 8,🌪️ 4,✨ 7,📖 4,👁️ 4,⚖️ 4,♨ 15,"Lean build, dark hair, ritual scars along arms, simple linen and bronze.",Heroes,,
3,Nammu,rare,🪨 9,🌪️ 3,✨ 9,📖 4,👁️ 4,⚖️ 4,♨ 18,"Tall, water-blue skin, reflective eyes, robes woven with reeds.",Heroes,,
4,Ashur,rare,🪨 6,🌪️ 4,✨ 3,📖 9,👁️ 4,⚖️ 4,♨ 14,"Massive, tar-blackened skin with ember cracks, heavy lantern-club weapon.",Heroes,,
5,Zaleth,rare,🪨 7,🌪️ 3,✨ 7,📖 4,👁️ 3,⚖️ 4,♨ 12,"Halo above head, radiant skin, gilded robes.",Heroes,,
6,Irik,rare,🪨 3,🌪️ 3,✨ 4,📖 7,👁️ 7,⚖️ 4,♨ 12,"Broad, glyph-inscribed stone skin, heavy plate.",Heroes,,
7,Tammuz,rare,🪨 4,🌪️ 7,✨ 4,📖 3,👁️ 7,⚖️ 4,♨ 13,"Jewel-inlaid skin, crystalline eyes, ornate robes.",Heroes,,
8,Etana,rare,🪨 7,🌪️ 8,✨ 4,📖 4,👁️ 3,⚖️ 4,♨ 14,"Tall, scar-carved skin glowing with light, tower shield and scar-etched sword.",Heroes,,
9,Iltu,rare,🪨 8,🌪️ 8,✨ 3,📖 3,👁️ 3,⚖️ 4,♨ 14,"Translucent skin, shifting colors, dual daggers, cloak shimmering like glass.",Heroes,,
10,Urid,rare,🪨 8,🌪️ 4,✨ 3,📖 7,👁️ 4,⚖️ 4,♨ 14,"Lean, reed-marked body, river-braided hair, reed-woven cloak.",Heroes,,
11,Namtar,rare,🪨 4,🌪️ 4,✨ 3,📖 9,👁️ 8,⚖️ 4,♨ 17,"Glass-thread veins glowing beneath skin, broad, with shard-greatsword.",Heroes,,
12,Zari,rare,🪨 3,🌪️ 3,✨ 8,📖 7,👁️ 4,⚖️ 4,♨ 13,"Pale, silt-dusted skin, echoing voice, flowing robes.",Heroes,,
13,Maskat,rare,🪨 4,🌪️ 4,✨ 7,📖 4,👁️ 6,⚖️ 4,♨ 12,"Tall, masked, faceless, plate armor.",Heroes,,
14,Eresh,rare,🪨 6,🌪️ 7,✨ 3,📖 3,👁️ 3,⚖️ 4,♨ 10,"Towering, obsidian skin, cuneiform armor, glowing runed wings.",Heroes,,
15,Shulgi,rare,🪨 3,🌪️ 4,✨ 6,📖 4,👁️ 7,⚖️ 4,♨ 12,"Radiant halo fused with tribunal mask, heavy armored body.",Heroes,,
16,Whipbearer,low,🪨 3,🌪️ 0,✨ 3,📖 0,👁️ 0,⚖️ 3,♨ 1,"Lean enforcers with scarred backs, wielding barbed whips.",Grunts,,
17,Spear Watch,low,🪨 0,🌪️ 2,✨ 2,📖 1,👁️ 1,⚖️ 2,♨ 0,Bronze-armored footmen with long spears.,Grunts,,
18,Bronze Shield,low,🪨 2,🌪️ 1,✨ 0,📖 2,👁️ 0,⚖️ 2,♨ 0,"Tower shield carriers, masks hide scarred faces.",Grunts,,
19,Tax Enforcer,low,🪨 0,🌪️ 1,✨ 3,📖 1,👁️ 1,⚖️ 2,♨ 0,"Fat, jewel-laden men clutching ledgers and maces.",Grunts,,
20,Chain Keeper,low,🪨 1,🌪️ 2,✨ 0,📖 0,👁️ 1,⚖️ 1,♨ 0,Muscled overseer with hooks and chains.,Grunts,,
21,Pit Houndmaster,low,🪨 1,🌪️ 3,✨ 2,📖 1,👁️ 1,⚖️ 3,♨ 1,Scarred veteran with muzzled jackals.,Grunts,,
22,Ash Novice,low,🪨 1,🌪️ 1,✨ 1,📖 2,👁️ 0,⚖️ 2,♨ 0,Skin blackened with ash tattoos.,Grunts,,
23,Blood Acolyte,low,🪨 0,🌪️ 3,✨ 0,📖 2,👁️ 0,⚖️ 2,♨ 0,"Bloodstained robes, ritual knives.",Grunts,,
24,Chanter Priest,low,🪨 1,🌪️ 1,✨ 2,📖 1,👁️ 1,⚖️ 2,♨ 0,"Hooded, mouths stitched, chanting low.",Grunts,,
25,Knife Zealot,low,🪨 1,🌪️ 1,✨ 2,📖 2,👁️ 0,⚖️ 2,♨ 0,"Wide-eyed, wild, dual knives.",Grunts,,
26,Desert Jackal,low,🪨 2,🌪️ 0,✨ 3,📖 0,👁️ 1,⚖️ 2,♨ 0,"Rag-wrapped raider, jackal skull mask.",Grunts,,
27,River Raider,low,🪨 0,🌪️ 0,✨ 2,📖 3,👁️ 1,⚖️ 2,♨ 0,"Reed-armor, water-stained weapons.",Grunts,,
28,Marsh Cutthroat,low,🪨 1,🌪️ 0,✨ 0,📖 1,👁️ 2,⚖️ 1,♨ 0,Reed-wrapped assassins with frog tattoos.,Grunts,,
29,Ash Rider,low,🪨 1,🌪️ 1,✨ 1,📖 1,👁️ 0,⚖️ 1,♨ 0,Desert nomad on a skeletal hyena.,Grunts,,
30,Canal Thief,low,🪨 2,🌪️ 0,✨ 3,📖 1,👁️ 1,⚖️ 2,♨ 0,Ragged thief with reed mask.,Grunts,,
31,Bone Jackal,low,🪨 1,🌪️ 1,✨ 1,📖 1,👁️ 2,⚖️ 2,♨ 0,Skeletal jackal bound with sinew.,Grunts,,
32,Reed Serpent,low,🪨 1,🌪️ 1,✨ 2,📖 0,👁️ 2,⚖️ 2,♨ 0,Long green snake camouflaged in reeds.,Grunts,,
33,Ash Scorpion,low,🪨 1,🌪️ 2,✨ 1,📖 2,👁️ 0,⚖️ 2,♨ 0,Blackened scorpion glowing red.,Grunts,,
34,Sand Hyena,low,🪨 0,🌪️ 0,✨ 1,📖 2,👁️ 2,⚖️ 2,♨ 0,"Mangy, desert-burned hyena with glowing eyes.",Grunts,,
35,Bog Crocodile,low,🪨 1,🌪️ 0,✨ 3,📖 2,👁️ 1,⚖️ 2,♨ 0,Massive croc with reed armor.,Grunts,,
36,Mud Rat,low,🪨 3,🌪️ 1,✨ 1,📖 1,👁️ 1,⚖️ 2,♨ 0,Giant sludge rat.,Grunts,,
37,Sewer Leech,low,🪨 0,🌪️ 2,✨ 1,📖 0,👁️ 1,⚖️ 1,♨ 0,Massive bloated leech.,Grunts,,
38,Corpse Beetle,low,🪨 3,🌪️ 0,✨ 2,📖 1,👁️ 0,⚖️ 2,♨ 0,Swarms of black beetles.,Grunts,,
39,Glass Mite,low,🪨 0,🌪️ 1,✨ 1,📖 2,👁️ 3,⚖️ 2,♨ 0,Tiny crystalline mites.,Grunts,,
40,Pit Ghoul,low,🪨 1,🌪️ 1,✨ 0,📖 1,👁️ 1,⚖️ 1,♨ 0,Half-starved humanoid feeding on corpses.,Grunts,,
41,Lash Captain,low,🪨 1,🌪️ 2,✨ 1,📖 1,👁️ 1,⚖️ 2,♨ 0,"Overseer in bronze mask, wielding twin whips.",Grunts,,
42,Pike Slave,low,🪨 0,🌪️ 1,✨ 2,📖 0,👁️ 2,⚖️ 2,♨ 0,Shackled warrior forced to carry long pike.,Grunts,,
43,Shield Twins,low,🪨 1,🌪️ 0,✨ 3,📖 1,👁️ 2,⚖️ 2,♨ 0,Pair of fighters sharing a massive wooden shield.,Grunts,,
44,Whip Sergeant,low,🪨 2,🌪️ 0,✨ 1,📖 2,👁️ 1,⚖️ 2,♨ 0,"Veteran with scarred arms, bronze whip.",Grunts,,
45,Slave Hunter,low,🪨 1,🌪️ 3,✨ 1,📖 1,👁️ 0,⚖️ 2,♨ 0,"Tracker with hounds on leashes, bone talismans.",Grunts,,
46,Dog Breaker,low,🪨 1,🌪️ 0,✨ 1,📖 1,👁️ 1,⚖️ 1,♨ 0,Brutal overseer wielding iron cudgel.,Grunts,,
47,Ledger Bearer,low,🪨 3,🌪️ 3,✨ 1,📖 0,👁️ 0,⚖️ 3,♨ 1,Corpulent overseer with chained ledger.,Grunts,,
48,Pit Jailer,low,🪨 1,🌪️ 3,✨ 0,📖 0,👁️ 2,⚖️ 2,♨ 0,Hooded figure with ring of keys.,Grunts,,
49,Fire Ashling,low,🪨 0,🌪️ 0,✨ 1,📖 1,👁️ 0,⚖️ 1,♨ 0,Cloaked in ash fire robes.,Grunts,,
50,Bone Eater,low,🪨 0,🌪️ 1,✨ 1,📖 1,👁️ 2,⚖️ 2,♨ 0,Gaunt figure gnawing bones.,Grunts,,
51,Crimson Youth,low,🪨 1,🌪️ 0,✨ 2,📖 0,👁️ 2,⚖️ 2,♨ 0,Painted in blood-red clay.,Grunts,,
52,Chant Twins,low,🪨 1,🌪️ 1,✨ 0,📖 2,👁️ 1,⚖️ 2,♨ 0,"Two initiates bound together, chanting in unison.",Grunts,,
53,Idol Servant,low,🪨 1,🌪️ 2,✨ 0,📖 2,👁️ 0,⚖️ 2,♨ 0,Bare-chested acolyte chained to idol fragments.,Grunts,,
54,Hill Raider,low,🪨 3,🌪️ 1,✨ 1,📖 3,👁️ 1,⚖️ 3,♨ 1,"Leather-clad, mountain tattoos.",Grunts,,
55,Oasis Thief,low,🪨 0,🌪️ 0,✨ 2,📖 0,👁️ 1,⚖️ 1,♨ 0,"Wears water skins, blue scarf.",Grunts,,
56,Caravan Breaker,low,🪨 2,🌪️ 1,✨ 1,📖 2,👁️ 1,⚖️ 2,♨ 0,"Heavily armed, desert cloak.",Grunts,,
57,Dust Rider,low,🪨 0,🌪️ 1,✨ 2,📖 1,👁️ 1,⚖️ 2,♨ 0,Mounted on skeletal horse.,Grunts,,
58,Night Prowler,low,🪨 1,🌪️ 1,✨ 0,📖 0,👁️ 2,⚖️ 1,♨ 0,"Dark garb, glowing yellow eyes.",Grunts,,
59,Desert Vulture,low,🪨 1,🌪️ 0,✨ 2,📖 1,👁️ 1,⚖️ 2,♨ 0,Giant carrion bird.,Grunts,,
60,Marsh Toad,low,🪨 1,🌪️ 0,✨ 1,📖 2,👁️ 1,⚖️ 2,♨ 0,"Bloated, warty giant toad.",Grunts,,
61,Fire Beetle,low,🪨 1,🌪️ 2,✨ 0,📖 2,👁️ 0,⚖️ 2,♨ 0,Beetle with glowing ember shell.,Grunts,,
62,Ash Rat,low,🪨 0,🌪️ 1,✨ 2,📖 2,👁️ 1,⚖️ 2,♨ 0,Rat with glowing red eyes.,Grunts,,
63,Sand Wormling,low,🪨 1,🌪️ 2,✨ 0,📖 1,👁️ 1,⚖️ 2,♨ 0,Small dune-burrowing worm.,Grunts,,
64,Plague Bat,low,🪨 1,🌪️ 0,✨ 1,📖 2,👁️ 0,⚖️ 1,♨ 0,Diseased winged bat.,Grunts,,
65,Slime Lizard,low,🪨 1,🌪️ 1,✨ 2,📖 0,👁️ 0,⚖️ 1,♨ 0,"Slick, glowing amphibian.",Grunts,,
66,Rust Mite,low,🪨 0,🌪️ 0,✨ 3,📖 2,👁️ 0,⚖️ 2,♨ 0,Metallic-eating insect swarm.,Grunts,,
67,Tunnel Spider,low,🪨 1,🌪️ 1,✨ 0,📖 1,👁️ 0,⚖️ 1,♨ 0,Hairy cave spider.,Grunts,,
68,Shadow Eel,low,🪨 1,🌪️ 2,✨ 3,📖 0,👁️ 1,⚖️ 2,♨ 0,Black eel with glowing eyes.,Grunts,,
69,Sludge Slime,low,🪨 1,🌪️ 2,✨ 1,📖 3,👁️ 0,⚖️ 2,♨ 0,Amorphous green ooze.,Grunts,,
70,Filth King,low,🪨 0,🌪️ 1,✨ 3,📖 2,👁️ 0,⚖️ 2,♨ 0,Massive rat swarm bound together.,Grunts,,
71,Rust Slug,low,🪨 0,🌪️ 3,✨ 0,📖 2,👁️ 0,⚖️ 2,♨ 0,Iron-shelled slug.,Grunts,,
72,Canal Lamprey,low,🪨 1,🌪️ 1,✨ 3,📖 1,👁️ 1,⚖️ 2,♨ 0,Lamprey with barbed maw.,Grunts,,
73,Bone Centipede,low,🪨 0,🌪️ 2,✨ 1,📖 2,👁️ 0,⚖️ 2,♨ 0,White segmented beast with bone plates.,Grunts,,
74,Fungus Creeper,low,🪨 0,🌪️ 0,✨ 1,📖 0,👁️ 1,⚖️ 1,♨ 0,Humanoid fungus growth.,Grunts,,
75,Cistern Horror,low,🪨 1,🌪️ 1,✨ 0,📖 2,👁️ 1,⚖️ 2,♨ 0,Gigantic slime amalgamation.,Grunts,,
76,Iron Lash,low,🪨 2,🌪️ 0,✨ 1,📖 1,👁️ 1,⚖️ 2,♨ 0,"Muscular captain clad in bronze scale, wielding spiked whip.",Grunts,,
77,Bronze Spear,low,🪨 0,🌪️ 1,✨ 0,📖 3,👁️ 1,⚖️ 2,♨ 0,"Veteran soldier, ornate bronze spear tipped with obsidian.",Grunts,,
78,Gold Captain,low,🪨 1,🌪️ 1,✨ 2,📖 0,👁️ 1,⚖️ 2,♨ 0,"Bronze armor with gilded mask, whip and short sword.",Grunts,,
79,Ash Priest,low,🪨 0,🌪️ 2,✨ 0,📖 2,👁️ 1,⚖️ 2,♨ 0,Tall priest with ash veil.,Grunts,,
80,Blood Evoker,low,🪨 0,🌪️ 3,✨ 1,📖 1,👁️ 0,⚖️ 2,♨ 0,Gaunt priest with bleeding hands.,Grunts,,
81,Hymncaller Priest,low,🪨 0,🌪️ 2,✨ 0,📖 3,👁️ 0,⚖️ 2,♨ 0,Chanting priestess with bone chimes.,Grunts,,
82,River Wolf,low,🪨 1,🌪️ 3,✨ 2,📖 1,👁️ 0,⚖️ 2,♨ 0,"Painted in blue tattoos, wolf pelt cloak.",Grunts,,
83,Desert Hawk,low,🪨 1,🌪️ 2,✨ 1,📖 3,👁️ 1,⚖️ 3,♨ 1,"Bronze-feather cloak, hawk mask.",Grunts,,
84,Marsh Stalker,low,🪨 1,🌪️ 1,✨ 1,📖 2,👁️ 3,⚖️ 3,♨ 1,"Reed armor, body smeared with swamp mud.",Grunts,,
85,Jackal Alpha,low,🪨 0,🌪️ 0,✨ 0,📖 2,👁️ 2,⚖️ 2,♨ 0,Oversized jackal with scarred muzzle.,Grunts,,
86,Serpent Queen,low,🪨 1,🌪️ 3,✨ 1,📖 0,👁️ 0,⚖️ 2,♨ 0,Massive reed serpent crowned with bone frill.,Grunts,,
87,Scorpion King,low,🪨 1,🌪️ 0,✨ 1,📖 1,👁️ 1,⚖️ 1,♨ 0,Huge black scorpion with molten veins.,Grunts,,
88,Hyena Matron,low,🪨 1,🌪️ 1,✨ 0,📖 1,👁️ 2,⚖️ 2,♨ 0,Enormous matriarch hyena.,Grunts,,
89,Ink Tongue,low,🪨 2,🌪️ 1,✨ 1,📖 2,👁️ 1,⚖️ 2,♨ 0,Mouth stained black with cursed ink.,Grunts,,
90,Dust Librarian,low,🪨 1,🌪️ 1,✨ 0,📖 1,👁️ 0,⚖️ 1,♨ 0,Hooded scribe with sand-dusted scrolls.,Grunts,,
91,Cuneiform Shade,low,🪨 1,🌪️ 3,✨ 1,📖 3,👁️ 1,⚖️ 3,♨ 1,Shadowy form covered in glowing glyphs.,Grunts,,
92,Bronze Automaton,low,🪨 0,🌪️ 1,✨ 2,📖 2,👁️ 1,⚖️ 2,♨ 0,Clunky humanoid frame of bronze gears.,Grunts,,
93,Chain Thrower,low,🪨 1,🌪️ 0,✨ 1,📖 0,👁️ 3,⚖️ 2,♨ 0,Siege operator with twin hook launchers.,Grunts,,
94,Siege Ox,low,🪨 1,🌪️ 0,✨ 3,📖 0,👁️ 1,⚖️ 2,♨ 0,Armored oxen bred for war.,Grunts,,
95,Fire Bearer,low,🪨 1,🌪️ 1,✨ 0,📖 3,👁️ 3,⚖️ 3,♨ 1,Slave-soldier carrying pots of burning oil.,Grunts,,
96,Obsidian Helm,low,🪨 1,🌪️ 2,✨ 1,📖 1,👁️ 2,⚖️ 2,♨ 0,"Dark helmet forged of obsidian, ornate crimson cloak.",Grunts,,
97,Chain Marshal,low,🪨 1,🌪️ 0,✨ 3,📖 0,👁️ 3,⚖️ 3,♨ 1,"Overseer in blackened bronze, chains wrapped as armor.",Grunts,,
98,Ash Oracle,low,🪨 0,🌪️ 1,✨ 1,📖 2,👁️ 2,⚖️ 2,♨ 0,Blindfolded woman covered in soot.,Grunts,,
99,Blood Prophet,low,🪨 1,🌪️ 1,✨ 1,📖 2,👁️ 3,⚖️ 3,♨ 1,"Emaciated, red tattoos across chest.",Grunts,,
100,Bone Choir,low,🪨 2,🌪️ 0,✨ 0,📖 2,👁️ 1,⚖️ 2,♨ 0,Trio of skeletal singers bound together.,Grunts,,
101,Hill Ram,low,🪨 1,🌪️ 1,✨ 2,📖 1,👁️ 1,⚖️ 2,♨ 0,Mountain champion with ram horns and stone hammer.,Grunts,,
102,Desert Viper,low,🪨 1,🌪️ 1,✨ 1,📖 1,👁️ 2,⚖️ 2,♨ 0,"Painted in green sands, snake totems.",Grunts,,
103,River Titan,low,🪨 1,🌪️ 0,✨ 0,📖 1,👁️ 3,⚖️ 2,♨ 0,"Colossal warrior clad in fishbone armor, wielding trident.",Grunts,,
104,Crocodile Warlord,low,🪨 0,🌪️ 2,✨ 0,📖 1,👁️ 2,⚖️ 2,♨ 0,Oversized armored crocodile.,Grunts,,
105,Vulture Queen,low,🪨 1,🌪️ 2,✨ 0,📖 2,👁️ 1,⚖️ 2,♨ 0,Enormous carrion bird with bone crown.,Grunts,,
106,Frog Mother,low,🪨 1,🌪️ 2,✨ 0,📖 2,👁️ 0,⚖️ 2,♨ 0,Towering amphibian with glowing throat sac.,Grunts,,
107,Desert Boar,low,🪨 0,🌪️ 0,✨ 2,📖 0,👁️ 3,⚖️ 2,♨ 0,"Tusks of obsidian, armor of sandstone.",Grunts,,
108,Tablet Binder,low,🪨 1,🌪️ 1,✨ 2,📖 3,👁️ 1,⚖️ 3,♨ 1,Emaciated scholar fused to clay tablet.,Grunts,,
109,Sand Archivist,low,🪨 0,🌪️ 1,✨ 0,📖 1,👁️ 1,⚖️ 1,♨ 0,"Cloaked, carrying sand-filled scrolls.",Grunts,,
110,Word Eater,low,🪨 0,🌪️ 2,✨ 0,📖 2,👁️ 1,⚖️ 2,♨ 0,Hollow-mouthed figure with glowing runes.,Grunts,,
111,Iron Juggernaut,low,🪨 0,🌪️ 1,✨ 2,📖 3,👁️ 0,⚖️ 2,♨ 0,"Gladiator clad in iron plates, massive hammer.",Grunts,,
112,Fire Ram,low,🪨 1,🌪️ 1,✨ 2,📖 0,👁️ 0,⚖️ 1,♨ 0,Wooden ram wrapped in burning oil.,Grunts,,
113,Bone Chariot,low,🪨 2,🌪️ 1,✨ 1,📖 2,👁️ 0,⚖️ 2,♨ 0,"Chariot built from bones, pulled by skeletal oxen.",Grunts,,
114,Siege Idol,low,🪨 0,🌪️ 3,✨ 0,📖 1,👁️ 1,⚖️ 2,♨ 0,Massive idol animated by cult.,Grunts,,
115,Oil Hydra,low,🪨 0,🌪️ 1,✨ 1,📖 2,👁️ 0,⚖️ 1,♨ 0,Multi-headed automaton spewing burning oil.,Grunts,,
116,Oath Singer,low,🪨 0,🌪️ 1,✨ 0,📖 1,👁️ 3,⚖️ 2,♨ 0,Robed figure with scrolls bound to arms.,Grunts,,
117,Tax Shade,low,🪨 2,🌪️ 2,✨ 1,📖 1,👁️ 0,⚖️ 2,♨ 0,"Phantom in tattered robes, clutching tablets.",Grunts,,
118,Ash Binder,low,🪨 0,🌪️ 3,✨ 0,📖 3,👁️ 1,⚖️ 3,♨ 1,Thin figure coated in grey ash.,Grunts,,
119,Mirror Reed,low,🪨 0,🌪️ 2,✨ 1,📖 1,👁️ 0,⚖️ 1,♨ 0,"Shimmering reed armor, reflective water mask.",Grunts,,
120,Sand Mirage,low,🪨 1,🌪️ 3,✨ 0,📖 1,👁️ 2,⚖️ 2,♨ 0,Cloaked desert nomad with glowing eyes.,Grunts,,
121,Echo Voice,low,🪨 0,🌪️ 0,✨ 1,📖 1,👁️ 2,⚖️ 1,♨ 0,"Mouth painted black, surrounded by whispers.",Grunts,,
122,Scorpion Alchemist,low,🪨 1,🌪️ 2,✨ 1,📖 0,👁️ 1,⚖️ 2,♨ 0,"Hooded with vials, scorpion tattoo on face.",Grunts,,
123,Reed Brewmaster,low,🪨 2,🌪️ 0,✨ 1,📖 1,👁️ 1,⚖️ 2,♨ 0,Reed-wrapped figure with gourds.,Grunts,,
124,Toxin Whisperer,low,🪨 1,🌪️ 2,✨ 1,📖 1,👁️ 0,⚖️ 2,♨ 0,Thin robed figure with green smoke trailing mouth.,Grunts,,
125,Bone Caller,low,🪨 2,🌪️ 1,✨ 2,📖 1,👁️ 1,⚖️ 2,♨ 0,Wears necklace of skulls.,Grunts,,
126,Idol Chanter,low,🪨 0,🌪️ 2,✨ 1,📖 0,👁️ 0,⚖️ 1,♨ 0,Chained to idol fragments.,Grunts,,
127,Blood Keeper,low,🪨 1,🌪️ 2,✨ 1,📖 2,👁️ 0,⚖️ 2,♨ 0,"Figure covered in red runes, clay tablets strapped to chest.",Grunts,,
128,Trap Setter,low,🪨 0,🌪️ 0,✨ 1,📖 1,👁️ 1,⚖️ 1,♨ 0,Ragged worker with rope and spikes.,Grunts,,
129,Fire Sapper,low,🪨 2,🌪️ 1,✨ 2,📖 0,👁️ 0,⚖️ 2,♨ 0,"Blackened armor, oil canisters on belt.",Grunts,,
130,Collapse Worker,low,🪨 0,🌪️ 1,✨ 0,📖 3,👁️ 1,⚖️ 2,♨ 0,"Covered in dust, carrying chisels.",Grunts,,
131,Plague Drummer,low,🪨 0,🌪️ 1,✨ 0,📖 1,👁️ 3,⚖️ 2,♨ 0,"Carries bone drums, pustules covering skin.",Grunts,,
132,Ember Masker,low,🪨 2,🌪️ 0,✨ 2,📖 1,👁️ 1,⚖️ 2,♨ 0,Wears mask of burning ember wood.,Grunts,,
133,Soul Drinker,low,🪨 1,🌪️ 1,✨ 2,📖 3,👁️ 0,⚖️ 2,♨ 0,Hollow-eyed cultist with black smoke rising.,Grunts,,
134,Glass Weaver,low,🪨 2,🌪️ 1,✨ 2,📖 0,👁️ 0,⚖️ 2,♨ 0,Shards embedded in flesh.,Grunts,,
135,Tomb Scrivener,low,🪨 1,🌪️ 3,✨ 1,📖 2,👁️ 0,⚖️ 2,♨ 0,Scribe chained to gravestones.,Grunts,,
136,Shadow Binder,low,🪨 0,🌪️ 0,✨ 2,📖 1,👁️ 0,⚖️ 1,♨ 0,"Dark robes, shadow tendrils sprouting.",Grunts,,
137,Idol Puppeteer,low,🪨 1,🌪️ 2,✨ 1,📖 2,👁️ 1,⚖️ 2,♨ 0,Masked figure with strings of bone.,Grunts,,
138,Sand Oracle,low,🪨 0,🌪️ 1,✨ 2,📖 2,👁️ 1,⚖️ 2,♨ 0,Cloaked desert mystic with sand swirling around.,Grunts,,
139,Blood Plucker,low,🪨 1,🌪️ 2,✨ 0,📖 0,👁️ 2,⚖️ 2,♨ 0,Cloaked with sharp talons.,Grunts,,
140,Furnace Caller,low,🪨 1,🌪️ 0,✨ 2,📖 2,👁️ 0,⚖️ 2,♨ 0,Cloaked cultist glowing red from within.,Grunts,,
141,Golden Whip,low,🪨 3,🌪️ 0,✨ 2,📖 0,👁️ 0,⚖️ 2,♨ 0,"Overseer clad in gilded armor, wielding massive golden whip.",Grunts,,
142,High Priest,low,🪨 0,🌪️ 1,✨ 2,📖 0,👁️ 1,⚖️ 1,♨ 0,"Towering figure in red-ash robes, mask of charred bone.",Grunts,,
143,River Warlord,low,🪨 0,🌪️ 2,✨ 2,📖 1,👁️ 1,⚖️ 2,♨ 0,"Armored raider leader, reed-boat fleet commander.",Grunts,,
144,Scorpion Queen,low,🪨 1,🌪️ 1,✨ 1,📖 1,👁️ 2,⚖️ 2,♨ 0,Colossal scorpion with glowing molten carapace.,Grunts,,
145,Sand Golem,low,🪨 2,🌪️ 2,✨ 1,📖 1,👁️ 1,⚖️ 2,♨ 0,Humanoid colossus of shifting sand and stone.,Grunts,,
146,Idol Shade,low,🪨 2,🌪️ 1,✨ 1,📖 0,👁️ 1,⚖️ 2,♨ 0,Tall ghost bound to broken idol fragments.,Grunts,,
147,Reed Leviathan,low,🪨 3,🌪️ 0,✨ 1,📖 3,👁️ 1,⚖️ 3,♨ 1,Massive serpent dwelling in marsh canals.,Grunts,,
148,Oathkeeper Ghost,low,🪨 1,🌪️ 1,✨ 3,📖 0,👁️ 2,⚖️ 2,♨ 0,Spirit judge wrapped in glowing Kudran glyphs.,Grunts,,
149,Bronze Colossus,low,🪨 1,🌪️ 0,✨ 2,📖 1,👁️ 1,⚖️ 2,♨ 0,Towering bronze automaton with war axe.,Grunts,,
150,Marsh Phantom,low,🪨 1,🌪️ 3,✨ 1,📖 1,👁️ 1,⚖️ 2,♨ 0,Pale wraith drifting in swamp fog.,Grunts,,
151,Fire Jackal,low,🪨 1,🌪️ 0,✨ 1,📖 2,👁️ 1,⚖️ 2,♨ 0,Oversized jackal glowing with molten veins.,Grunts,,
152,Drowned Archivist,low,🪨 1,🌪️ 1,✨ 0,📖 1,👁️ 0,⚖️ 1,♨ 0,"Scribe drowned and reanimated, scrolls dripping water.",Grunts,,
153,Obsidian Lion,low,🪨 2,🌪️ 0,✨ 2,📖 1,👁️ 1,⚖️ 2,♨ 0,"Giant lion carved of black stone, animated with fire.",Grunts,,
154,Taxlord Balash,low,🪨 0,🌪️ 3,✨ 1,📖 1,👁️ 1,⚖️ 2,♨ 0,"Bloated overseer in golden robes, mace and ledger.",Grunts,,
155,Pit Champion,low,🪨 1,🌪️ 1,✨ 0,📖 2,👁️ 3,⚖️ 2,♨ 0,Massive gladiator scarred from decades in pits.,Grunts,,
156,Masked King,low,🪨 2,🌪️ 0,✨ 3,📖 0,👁️ 0,⚖️ 2,♨ 0,"Human warlord draped in ceremonial robes, golden mask concealing his scarred face.",Grunts,,
157,Abyssal Archivist,low,🪨 2,🌪️ 1,✨ 0,📖 0,👁️ 1,⚖️ 1,♨ 0,"Gaunt figure cloaked in scrolls, flesh merging with ink and waterlogged parchment.",Grunts,,
158,Vowbinder Judge,low,🪨 0,🌪️ 1,✨ 1,📖 1,👁️ 2,⚖️ 2,♨ 0,"Spectral judge draped in glyph chains, half-human, half-wraith.",Grunts,,
159,Bone Queen,low,🪨 0,🌪️ 3,✨ 2,📖 0,👁️ 0,⚖️ 2,♨ 0,"Monstrous scorpion with skeletal carapace, shrine markings carved into her chitin.",Grunts,,
160,False Prophet,low,🪨 1,🌪️ 1,✨ 1,📖 3,👁️ 0,⚖️ 2,♨ 0,"Pale cult leader shrouded in burning red robes, staff tipped with ash crystal.",Grunts,,
161,Enlil Vessel,low,🪨 0,🌪️ 2,✨ 1,📖 1,👁️ 0,⚖️ 1,♨ 0,"Towering figure clad in blackened gold, humanoid frame fused with cuneiform-marked stone.",Grunts,,
162,Chain Warden,low,🪨 0,🌪️ 1,✨ 0,📖 2,👁️ 3,⚖️ 2,♨ 0,"Hulking figure in tarnished lunar bronze, dragging chains.",Grunts,,
163,Lash Overseer,low,🪨 0,🌪️ 3,✨ 1,📖 1,👁️ 0,⚖️ 2,♨ 0,Scarred taskmaster wielding lunar whip.,Grunts,,
164,Bronze Gaoler,low,🪨 2,🌪️ 1,✨ 3,📖 0,👁️ 0,⚖️ 2,♨ 0,"Tower shield and mace, heavy bronze armor.",Grunts,,
165,Shacklebearer Guard,low,🪨 3,🌪️ 1,✨ 1,📖 0,👁️ 2,⚖️ 2,♨ 0,Emaciated figure carrying manacles.,Grunts,,
166,Pit Guard,low,🪨 0,🌪️ 1,✨ 1,📖 1,👁️ 1,⚖️ 1,♨ 0,Broad-shouldered guard with spiked helmet.,Grunts,,
167,Ironbound Horror,low,🪨 3,🌪️ 0,✨ 0,📖 1,👁️ 1,⚖️ 2,♨ 0,Shackled beast with iron plates fused to flesh.,Grunts,,
168,Screamer Wraith,low,🪨 0,🌪️ 0,✨ 2,📖 2,👁️ 1,⚖️ 2,♨ 0,Ghostly prisoner screaming endlessly.,Grunts,,
169,Bone Gnawer,low,🪨 0,🌪️ 0,✨ 0,📖 1,👁️ 3,⚖️ 2,♨ 0,Emaciated humanoid gnawing bones.,Grunts,,
170,Shackled Ghoul,low,🪨 2,🌪️ 2,✨ 0,📖 1,👁️ 0,⚖️ 2,♨ 0,"Pale-skinned, bound in eternal chains.",Grunts,,
171,Howling Fiend,low,🪨 1,🌪️ 1,✨ 1,📖 1,👁️ 0,⚖️ 1,♨ 0,Bestial prisoner with muzzle broken open.,Grunts,,
172,Moon Acolyte,low,🪨 1,🌪️ 1,✨ 0,📖 0,👁️ 1,⚖️ 1,♨ 0,"Pale robed initiate, crescent brand on forehead.",Grunts,,
173,Eclipse Chanter,low,🪨 2,🌪️ 0,✨ 0,📖 3,👁️ 1,⚖️ 2,♨ 0,Hooded priest with eclipse sigil.,Grunts,,
174,Shadow Knifebearer,low,🪨 0,🌪️ 0,✨ 0,📖 3,👁️ 1,⚖️ 2,♨ 0,"Assassin garbed in black cloth, twin crescent blades.",Grunts,,
175,Pale Prophet,low,🪨 1,🌪️ 1,✨ 1,📖 0,👁️ 0,⚖️ 1,♨ 0,"Blindfolded priestess, eyes glowing beneath cloth.",Grunts,,
176,Void Hymnist,low,🪨 1,🌪️ 2,✨ 1,📖 0,👁️ 2,⚖️ 2,♨ 0,Emaciated singer with throat tattooed in runes.,Grunts,,
177,Moonfang Wolf,low,🪨 1,🌪️ 2,✨ 0,📖 2,👁️ 0,⚖️ 2,♨ 0,Large wolf with pale fur glowing faintly silver.,Grunts,,
178,Pale Stalker,low,🪨 0,🌪️ 1,✨ 0,📖 0,👁️ 2,⚖️ 1,♨ 0,"Emaciated beast with elongated limbs, pale hide.",Grunts,,
179,Shardback Boar,low,🪨 3,🌪️ 1,✨ 0,📖 0,👁️ 0,⚖️ 2,♨ 0,Boar with crystalline spines jutting from back.,Grunts,,
180,Dusk Serpent,low,🪨 2,🌪️ 1,✨ 2,📖 0,👁️ 1,⚖️ 2,♨ 0,Black-scaled serpent with glowing underbelly.,Grunts,,
181,Chittering Bat,low,🪨 2,🌪️ 0,✨ 2,📖 0,👁️ 0,⚖️ 2,♨ 0,Colony of pale bats swarming from caverns.,Grunts,,
182,Crater Rat,low,🪨 0,🌪️ 1,✨ 2,📖 1,👁️ 2,⚖️ 2,♨ 0,Oversized rat with glowing red eyes.,Grunts,,
183,Ash Beetle,low,🪨 1,🌪️ 2,✨ 0,📖 3,👁️ 0,⚖️ 2,♨ 0,Beetle with burning carapace.,Grunts,,
184,Hollow Tick,low,🪨 0,🌪️ 0,✨ 2,📖 3,👁️ 1,⚖️ 2,♨ 0,Bloated tick filled with pale fluid.,Grunts,,
185,Fungus Mite,low,🪨 1,🌪️ 1,✨ 1,📖 2,👁️ 1,⚖️ 2,♨ 0,Tiny glowing mites crawling in groups.,Grunts,,
186,Crystal Louse,low,🪨 1,🌪️ 1,✨ 1,📖 1,👁️ 2,⚖️ 2,♨ 0,Insect with crystalline shell.,Grunts,,
187,Shackled Wraith,low,🪨 1,🌪️ 1,✨ 2,📖 0,👁️ 2,⚖️ 2,♨ 0,Ghostly prisoner dragging chains.,Grunts,,
188,Lantern Shade,low,🪨 1,🌪️ 0,✨ 2,📖 1,👁️ 1,⚖️ 2,♨ 0,Shadowy figure carrying a flickering lantern.,Grunts,,
189,Pale Ghast,low,🪨 0,🌪️ 3,✨ 1,📖 1,👁️ 3,⚖️ 3,♨ 1,Hollow-eyed humanoid glowing faintly.,Grunts,,
190,Bonebound Spirit,low,🪨 1,🌪️ 2,✨ 3,📖 1,👁️ 1,⚖️ 3,♨ 1,Spirit fused with skeletal remains.,Grunts,,
191,Eclipse Revenant,low,🪨 0,🌪️ 1,✨ 0,📖 3,👁️ 3,⚖️ 3,♨ 1,"Tall spectral warrior, eclipse carved on helm.",Grunts,,
192,Pit Fighter,low,🪨 1,🌪️ 3,✨ 0,📖 2,👁️ 1,⚖️ 2,♨ 0,"Scarred slave clad in scraps, wielding spiked club.",Grunts,,
193,Arena Brute,low,🪨 0,🌪️ 1,✨ 2,📖 0,👁️ 2,⚖️ 2,♨ 0,"Gladiator scarred and chained, wielding club.",Grunts,,
194,Blood Duelist,low,🪨 1,🌪️ 2,✨ 0,📖 1,👁️ 1,⚖️ 2,♨ 0,"Agile fighter, red-stained blades.",Grunts,,
195,Masked Slayer,low,🪨 0,🌪️ 0,✨ 2,📖 0,👁️ 2,⚖️ 2,♨ 0,Gladiator with crescent mask and twin axes.,Grunts,,
196,Slave Champion,low,🪨 1,🌪️ 0,✨ 1,📖 0,👁️ 1,⚖️ 1,♨ 0,Gladiator wielding chained sickles.,Grunts,,
197,Tunnel Crawler,low,🪨 3,🌪️ 2,✨ 0,📖 1,👁️ 1,⚖️ 2,♨ 0,Pale humanoid with claws adapted for rock.,Grunts,,
198,Crater Lurker,low,🪨 1,🌪️ 2,✨ 1,📖 2,👁️ 0,⚖️ 2,♨ 0,Hulking brute with crater-stone armor.,Grunts,,
199,Blind Crawler,low,🪨 1,🌪️ 1,✨ 0,📖 3,👁️ 1,⚖️ 2,♨ 0,"Faceless humanoid, elongated claws.",Grunts,,
200,Spore Drudge,low,🪨 1,🌪️ 0,✨ 2,📖 0,👁️ 0,⚖️ 1,♨ 0,Slave infected with glowing fungi.,Grunts,,
201,Rockgnasher Beast,low,🪨 2,🌪️ 2,✨ 1,📖 1,👁️ 0,⚖️ 2,♨ 0,Beast with stony hide and crystalline teeth.,Grunts,,
202,Silver Rat,low,🪨 1,🌪️ 3,✨ 1,📖 1,👁️ 2,⚖️ 3,♨ 1,Rat with shimmering silver fur.,Grunts,,
203,Glow Beetle,low,🪨 0,🌪️ 0,✨ 2,📖 2,👁️ 1,⚖️ 2,♨ 0,Luminescent beetle glowing blue.,Grunts,,
204,Crystal Wasp,low,🪨 0,🌪️ 3,✨ 2,📖 0,👁️ 1,⚖️ 2,♨ 0,Wasp with crystal stinger.,Grunts,,
205,Ash Spiderling,low,🪨 0,🌪️ 1,✨ 0,📖 1,👁️ 2,⚖️ 1,♨ 0,Small spider covered in lunar ash.,Grunts,,
206,Void Leech,low,🪨 1,🌪️ 1,✨ 1,📖 1,👁️ 1,⚖️ 1,♨ 0,Wormlike parasite glowing black.,Grunts,,
207,Bronze Sentinel,low,🪨 2,🌪️ 1,✨ 1,📖 2,👁️ 0,⚖️ 2,♨ 0,Animated statue clad in bronze.,Grunts,,
208,Moon Idol,low,🪨 0,🌪️ 1,✨ 2,📖 1,👁️ 1,⚖️ 2,♨ 0,"Statue of crescent moon, animated with runes.",Grunts,,
209,Chain Automaton,low,🪨 1,🌪️ 0,✨ 2,📖 2,👁️ 1,⚖️ 2,♨ 0,Construct covered in rattling chains.,Grunts,,
210,Eclipse Drone,low,🪨 3,🌪️ 1,✨ 0,📖 0,👁️ 2,⚖️ 2,♨ 0,Small flying orb glowing with eclipse runes.,Grunts,,
211,Void Obelisk,low,🪨 1,🌪️ 2,✨ 1,📖 2,👁️ 0,⚖️ 2,♨ 0,Shard of a fallen obelisk animated by void.,Grunts,,
212,Rune Husk,low,🪨 2,🌪️ 0,✨ 2,📖 0,👁️ 1,⚖️ 2,♨ 0,"Corpse branded with cracked glyphs, glowing faintly.",Grunts,,
213,Oath Spawn,low,🪨 0,🌪️ 1,✨ 1,📖 3,👁️ 1,⚖️ 2,♨ 0,Mutated being covered in vow-scars.,Grunts,,
214,Halo Spawn,low,🪨 0,🌪️ 3,✨ 2,📖 0,👁️ 1,⚖️ 2,♨ 0,Twisted humanoid crowned with broken halo.,Grunts,,
215,Ash Horror,low,🪨 1,🌪️ 2,✨ 1,📖 1,👁️ 1,⚖️ 2,♨ 0,"Body of ash and smoke, burning eyes.",Grunts,,
216,Void Thrall,low,🪨 0,🌪️ 0,✨ 2,📖 2,👁️ 0,⚖️ 2,♨ 0,Hollow figure radiating void flame.,Grunts,,
217,Broken Scribe,low,🪨 1,🌪️ 3,✨ 1,📖 2,👁️ 1,⚖️ 3,♨ 1,Scribe with cracked slate body.,Grunts,,
218,Fallen Priest,low,🪨 3,🌪️ 0,✨ 0,📖 1,👁️ 2,⚖️ 2,♨ 0,"Priest with broken staff, robes torn.",Grunts,,
219,Exiled Gladiator,low,🪨 2,🌪️ 0,✨ 2,📖 0,👁️ 0,⚖️ 2,♨ 0,Scarred fighter in broken armor.,Grunts,,
220,Chain Drudge,low,🪨 2,🌪️ 0,✨ 0,📖 1,👁️ 0,⚖️ 1,♨ 0,Shackled slave covered in wounds.,Grunts,,
221,Ash Servitor,low,🪨 1,🌪️ 2,✨ 0,📖 1,👁️ 2,⚖️ 2,♨ 0,"Cloaked in ash veil, broken censer.",Grunts,,
222,Gold Spider,low,🪨 2,🌪️ 1,✨ 3,📖 0,👁️ 1,⚖️ 2,♨ 0,Spider with golden carapace.,Grunts,,
223,Rune Centipede,low,🪨 0,🌪️ 1,✨ 2,📖 0,👁️ 3,⚖️ 2,♨ 0,Long centipede glowing with glyphs.,Grunts,,
224,Ash Locust,low,🪨 0,🌪️ 3,✨ 0,📖 2,👁️ 0,⚖️ 2,♨ 0,Swarm insect glowing with embers.,Grunts,,
225,Crystal Gnat,low,🪨 3,🌪️ 1,✨ 1,📖 2,👁️ 1,⚖️ 3,♨ 1,Tiny insect with crystal wings.,Grunts,,
226,Glyph Ghoul,low,🪨 2,🌪️ 1,✨ 3,📖 1,👁️ 1,⚖️ 3,♨ 1,Corpse covered in glowing runes.,Grunts,,
227,Ash Phantom,low,🪨 0,🌪️ 0,✨ 2,📖 2,👁️ 1,⚖️ 2,♨ 0,Knight glowing with burning ash aura.,Grunts,,
228,Halo Husk,low,🪨 1,🌪️ 0,✨ 0,📖 0,👁️ 3,⚖️ 2,♨ 0,Broken warrior crowned with false halo.,Grunts,,
229,Void Horror,low,🪨 3,🌪️ 0,✨ 1,📖 0,👁️ 0,⚖️ 2,♨ 0,Amorphous mass of black fire.,Grunts,,
230,Rune Horror,low,🪨 0,🌪️ 1,✨ 2,📖 3,👁️ 1,⚖️ 2,♨ 0,Monstrous figure carved with glowing glyphs.,Grunts,,
231,Red Lash,low,🪨 0,🌪️ 2,✨ 0,📖 2,👁️ 0,⚖️ 2,♨ 0,Bronze-skinned slaver with crimson whip.,Mars bestiary,,
232,Sand Pike,low,🪨 1,🌪️ 3,✨ 1,📖 0,👁️ 2,⚖️ 2,♨ 0,"Spearman in ochre armor, desert-worn.",Mars bestiary,,
233,Chain Driver,low,🪨 3,🌪️ 2,✨ 1,📖 0,👁️ 1,⚖️ 2,♨ 0,Enforcer dragging spiked chains.,Mars bestiary,,
234,Bronze Overseer,low,🪨 2,🌪️ 0,✨ 3,📖 0,👁️ 1,⚖️ 2,♨ 0,Bulky taskmaster clad in bronze.,Mars bestiary,,
235,Crimson Guard,low,🪨 3,🌪️ 1,✨ 1,📖 1,👁️ 0,⚖️ 2,♨ 0,Red-plated guard with tower shield.,Mars bestiary,,
236,Sand Raider,low,🪨 0,🌪️ 1,✨ 1,📖 0,👁️ 1,⚖️ 1,♨ 0,Ragged bandit with curved scimitar.,Mars bestiary,,
237,Dune Rider,low,🪨 1,🌪️ 1,✨ 3,📖 1,👁️ 0,⚖️ 2,♨ 0,Raider mounted on reptilian beast.,Mars bestiary,,
238,Ash Nomad,low,🪨 0,🌪️ 1,✨ 3,📖 1,👁️ 1,⚖️ 2,♨ 0,"Cloaked in ash robes, wielding daggers.",Mars bestiary,,
239,Blood Dervish,low,🪨 0,🌪️ 3,✨ 0,📖 0,👁️ 2,⚖️ 2,♨ 0,"Warrior spinning dual blades, crimson tattoos.",Mars bestiary,,
240,Carrion Jackal,low,🪨 0,🌪️ 3,✨ 2,📖 0,👁️ 1,⚖️ 2,♨ 0,Beast-rider cloaked in bones.,Mars bestiary,,
241,Pit Thrall,low,🪨 0,🌪️ 1,✨ 3,📖 0,👁️ 1,⚖️ 2,♨ 0,Emaciated fighter in shackles.,Mars bestiary,,
242,Masked Gladiator,low,🪨 0,🌪️ 1,✨ 1,📖 2,👁️ 0,⚖️ 1,♨ 0,Fighter wearing bone mask.,Mars bestiary,,
243,Blood Slave,low,🪨 0,🌪️ 1,✨ 0,📖 2,👁️ 1,⚖️ 1,♨ 0,"Covered in red tattoos, blood dripping.",Mars bestiary,,
244,Chain Duelist,low,🪨 1,🌪️ 2,✨ 1,📖 2,👁️ 0,⚖️ 2,♨ 0,Gladiator wielding chained sickles.,Mars bestiary,,
245,Red Jackal,low,🪨 2,🌪️ 0,✨ 0,📖 1,👁️ 2,⚖️ 2,♨ 0,Desert jackal with crimson fur.,Mars bestiary,,
246,Scaled Vulture,low,🪨 1,🌪️ 2,✨ 3,📖 0,👁️ 0,⚖️ 2,♨ 0,Vulture with scale-covered wings.,Mars bestiary,,
247,Sand Basilisk,low,🪨 1,🌪️ 0,✨ 1,📖 1,👁️ 2,⚖️ 2,♨ 0,Lizard with golden scales.,Mars bestiary,,
248,Dune Hyena,low,🪨 0,🌪️ 1,✨ 2,📖 0,👁️ 1,⚖️ 1,♨ 0,Mangy hyena with glowing eyes.,Mars bestiary,,
249,Red Rat,low,🪨 1,🌪️ 0,✨ 2,📖 3,👁️ 1,⚖️ 2,♨ 0,"Rat with crimson fur, glowing eyes.",Mars bestiary,,
250,Bone Tick,low,🪨 2,🌪️ 2,✨ 0,📖 0,👁️ 0,⚖️ 2,♨ 0,Bloated tick with bone armor.,Mars bestiary,,
251,Dust Spider,low,🪨 0,🌪️ 0,✨ 2,📖 0,👁️ 2,⚖️ 2,♨ 0,Large spider covered in dust.,Mars bestiary,,
252,Carrion Bat,low,🪨 1,🌪️ 1,✨ 1,📖 2,👁️ 2,⚖️ 2,♨ 0,"Bat with torn wings, feeding on corpses.",Mars bestiary,,
253,Canyon Lurker,low,🪨 0,🌪️ 2,✨ 1,📖 1,👁️ 0,⚖️ 1,♨ 0,"Humanoid with rocky skin, camouflaged against cliffs.",Mars bestiary,,
254,Cliff Raider,low,🪨 0,🌪️ 1,✨ 0,📖 0,👁️ 2,⚖️ 1,♨ 0,Raider with grappling hooks.,Mars bestiary,,
255,Dust Crawler,low,🪨 0,🌪️ 1,✨ 3,📖 1,👁️ 1,⚖️ 2,♨ 0,Pale crawler adapted to desert floors.,Mars bestiary,,
256,Rock Breaker,low,🪨 2,🌪️ 3,✨ 1,📖 0,👁️ 1,⚖️ 2,♨ 0,Miner-slave wielding pickaxe.,Mars bestiary,,
257,Ash Ghoul,low,🪨 0,🌪️ 2,✨ 1,📖 1,👁️ 1,⚖️ 2,♨ 0,Charred corpse with glowing eyes.,Mars bestiary,,
258,Dust Phantom,low,🪨 0,🌪️ 1,✨ 1,📖 2,👁️ 1,⚖️ 2,♨ 0,Spirit wrapped in swirling dust.,Mars bestiary,,
259,Red Shade,low,🪨 1,🌪️ 3,✨ 0,📖 0,👁️ 1,⚖️ 2,♨ 0,Crimson wraith glowing faintly.,Mars bestiary,,
260,Ash Wight,low,🪨 0,🌪️ 2,✨ 0,📖 2,👁️ 0,⚖️ 2,♨ 0,Pale corpse cloaked in ash.,Mars bestiary,,
261,Carrion Stalker,low,🪨 3,🌪️ 1,✨ 2,📖 0,👁️ 0,⚖️ 2,♨ 0,"Humanoid feeding on corpses, glowing red eyes.",Mars bestiary,,
262,Broken Gladiator,low,🪨 3,🌪️ 1,✨ 1,📖 1,👁️ 1,⚖️ 2,♨ 0,"Scarred, limping fighter.",Mars bestiary,,
263,Maskless Fighter,low,🪨 1,🌪️ 2,✨ 2,📖 0,👁️ 0,⚖️ 2,♨ 0,"Arena fighter without mask, scarred face.",Mars bestiary,,
264,Ash Duelist,low,🪨 0,🌪️ 2,✨ 1,📖 1,👁️ 0,⚖️ 1,♨ 0,Fighter coated in ash tattoos.,Mars bestiary,,
265,Bone Pit,low,🪨 0,🌪️ 3,✨ 1,📖 0,👁️ 3,⚖️ 3,♨ 1,Shackled slave wielding bone weapon.,Mars bestiary,,
266,Crimson Gladiator,low,🪨 2,🌪️ 2,✨ 0,📖 0,👁️ 1,⚖️ 2,♨ 0,Red-clad gladiator with ornate blades.,Mars bestiary,,
267,Sand Scuttler,low,🪨 1,🌪️ 2,✨ 1,📖 0,👁️ 1,⚖️ 2,♨ 0,Crablike insect burrowing under dunes.,Mars bestiary,,
268,Glass Lizard,low,🪨 0,🌪️ 1,✨ 2,📖 1,👁️ 1,⚖️ 2,♨ 0,Lizard with glassy transparent skin.,Mars bestiary,,
269,Red Scarab,low,🪨 1,🌪️ 1,✨ 2,📖 1,👁️ 1,⚖️ 2,♨ 0,Beetle with crimson carapace.,Mars bestiary,,
270,Ash Spider,low,🪨 1,🌪️ 1,✨ 2,📖 1,👁️ 1,⚖️ 2,♨ 0,Large spider covered in ashes.,Mars bestiary,,
271,Dust Centipede,low,🪨 1,🌪️ 2,✨ 1,📖 2,👁️ 0,⚖️ 2,♨ 0,Long centipede armored with dust plates.,Mars bestiary,,
272,Bronze Pitlord,low,🪨 1,🌪️ 2,✨ 0,📖 0,👁️ 1,⚖️ 1,♨ 0,Gladiator captain clad in bronze plates.,Mars bestiary,,
273,Crimson Duelmaster,low,🪨 2,🌪️ 0,✨ 2,📖 0,👁️ 1,⚖️ 2,♨ 0,"Elegant fighter in red armor, twin swords.",Mars bestiary,,
274,Chain Warlord,low,🪨 2,🌪️ 1,✨ 2,📖 0,👁️ 0,⚖️ 2,♨ 0,Bulky gladiator with massive hooked chains.,Mars bestiary,,
275,Masked Champion,low,🪨 1,🌪️ 1,✨ 0,📖 1,👁️ 1,⚖️ 1,♨ 0,Fighter with ornate golden mask.,Mars bestiary,,
276,Ash Gladiator,low,🪨 1,🌪️ 1,✨ 3,📖 3,👁️ 0,⚖️ 3,♨ 1,Covered in burning ash armor.,Mars bestiary,,
277,Blood Oracle,low,🪨 1,🌪️ 0,✨ 1,📖 0,👁️ 1,⚖️ 1,♨ 0,Crimson-robed seer with bleeding eyes.,Mars bestiary,,
278,Ember Prophet,low,🪨 0,🌪️ 0,✨ 1,📖 2,👁️ 0,⚖️ 1,♨ 0,Robed in red firecloth.,Mars bestiary,,
279,Crimson Prophetess,low,🪨 0,🌪️ 0,✨ 0,📖 3,👁️ 2,⚖️ 2,♨ 0,"Woman in crimson robes, crescent staff.",Mars bestiary,,
280,Dune Chieftain,low,🪨 2,🌪️ 0,✨ 2,📖 0,👁️ 1,⚖️ 2,♨ 0,Raider chief with golden spear.,Mars bestiary,,
281,Canyon King,low,🪨 2,🌪️ 1,✨ 0,📖 2,👁️ 0,⚖️ 2,♨ 0,Heavily armed warlord with jagged axe.,Mars bestiary,,
282,Bone Lord,low,🪨 0,🌪️ 2,✨ 0,📖 1,👁️ 2,⚖️ 2,♨ 0,Enormous skeletal king with crown of skulls.,Mars bestiary,,
283,Ash Chieftain,low,🪨 1,🌪️ 0,✨ 1,📖 1,👁️ 2,⚖️ 2,♨ 0,Nomad leader with flaming scimitars.,Mars bestiary,,
284,Sandstorm Khan,low,🪨 0,🌪️ 1,✨ 3,📖 0,👁️ 1,⚖️ 2,♨ 0,"Warlord with flowing robes, staff of wind, surrounded by swirling sand.",Mars bestiary,,
285,Ash Revenant,low,🪨 1,🌪️ 1,✨ 1,📖 2,👁️ 1,⚖️ 2,♨ 0,Warrior cloaked in burning ash.,Mars bestiary,,
286,Bone Colossus,low,🪨 2,🌪️ 1,✨ 1,📖 0,👁️ 1,⚖️ 2,♨ 0,Giant humanoid made of bone.,Mars bestiary,,
287,Dust Wraith,low,🪨 0,🌪️ 3,✨ 0,📖 1,👁️ 1,⚖️ 2,♨ 0,Spirit shrouded in dust storm.,Mars bestiary,,
288,Crimson Horror,low,🪨 1,🌪️ 3,✨ 1,📖 3,👁️ 0,⚖️ 3,♨ 1,Flesh beast dripping crimson ichor.,Mars bestiary,,
289,Ash Titan,low,🪨 0,🌪️ 1,✨ 2,📖 1,👁️ 3,⚖️ 2,♨ 0,Colossal humanoid wreathed in flame.,Mars bestiary,,
290,Ash High,low,🪨 2,🌪️ 0,✨ 1,📖 1,👁️ 2,⚖️ 2,♨ 0,"Towering priest cloaked in ash robes, censer blazing.",Mars bestiary,,
291,Blood Matron,low,🪨 1,🌪️ 1,✨ 0,📖 1,👁️ 0,⚖️ 1,♨ 0,"Elder woman cloaked in crimson, ritual knife.",Mars bestiary,,
292,Ember Lord,low,🪨 0,🌪️ 1,✨ 3,📖 1,👁️ 2,⚖️ 2,♨ 0,"Red-armored prophet, flame sword.",Mars bestiary,,
293,Chain Hierophant,low,🪨 1,🌪️ 0,✨ 0,📖 2,👁️ 1,⚖️ 1,♨ 0,Priest covered in glowing chains.,Mars bestiary,,
294,Crimson Pontiff,low,🪨 1,🌪️ 2,✨ 1,📖 1,👁️ 1,⚖️ 2,♨ 0,"Regal cult leader in crimson robes, jeweled staff.",Mars bestiary,,
295,Pit King,low,🪨 1,🌪️ 2,✨ 0,📖 1,👁️ 3,⚖️ 2,♨ 0,"Gladiator king with gold armor, bone crown.",Mars bestiary,,
296,Masked Warlord,low,🪨 1,🌪️ 1,✨ 0,📖 2,👁️ 1,⚖️ 2,♨ 0,"Champion with gilded mask, twin axes.",Mars bestiary,,
297,Crimson Champion,low,🪨 0,🌪️ 1,✨ 1,📖 3,👁️ 1,⚖️ 2,♨ 0,"Fighter drenched in blood, serrated sword.",Mars bestiary,,
298,Bone Gladiator,low,🪨 1,🌪️ 0,✨ 0,📖 1,👁️ 1,⚖️ 1,♨ 0,Gladiator armored in bones.,Mars bestiary,,
299,Arena Juggernaut,low,🪨 2,🌪️ 1,✨ 0,📖 0,👁️ 1,⚖️ 1,♨ 0,Enormous gladiator with chained hammer.,Mars bestiary,,
300,Ash Demon,low,🪨 2,🌪️ 1,✨ 0,📖 1,👁️ 0,⚖️ 1,♨ 0,"Demon of ash and fire, horned skull.",Mars bestiary,,
301,Bone Horror,low,🪨 3,🌪️ 0,✨ 0,📖 0,👁️ 2,⚖️ 2,♨ 0,Twisted skeleton mass.,Mars bestiary,,
302,Crimson Abomination,low,🪨 0,🌪️ 1,✨ 2,📖 1,👁️ 0,⚖️ 1,♨ 0,Flesh beast dripping crimson ichor.,Mars bestiary,,
303,Dust Titan,low,🪨 1,🌪️ 0,✨ 2,📖 1,👁️ 3,⚖️ 2,♨ 0,Colossal being of dust and stone.,Mars bestiary,,
304,Ash Leviathan,low,🪨 0,🌪️ 0,✨ 2,📖 3,👁️ 1,⚖️ 2,♨ 0,"Serpentine beast of ash and fire, glowing eyes.",Mars bestiary,,
305,Red Khan,low,🪨 1,🌪️ 0,✨ 2,📖 0,👁️ 2,⚖️ 2,♨ 0,"Warlord clad in red armor, massive axe.",Mars bestiary,,
306,Bone Chieftain,low,🪨 1,🌪️ 1,✨ 0,📖 2,👁️ 3,⚖️ 2,♨ 0,Tribal leader wearing skull mask.,Mars bestiary,,
307,Canyon Lord,low,🪨 0,🌪️ 0,✨ 1,📖 2,👁️ 2,⚖️ 2,♨ 0,"Raider general, golden spear.",Mars bestiary,,
308,Sandstorm Prophet,low,🪨 0,🌪️ 1,✨ 1,📖 0,👁️ 0,⚖️ 1,♨ 0,Robed warlord with wind staff.,Mars bestiary,,
309,Crimson Khan,low,🪨 0,🌪️ 2,✨ 0,📖 1,👁️ 2,⚖️ 2,♨ 0,"Regal warlord in crimson silk, jeweled sword.",Mars bestiary,,
310,Glyph Servant,low,🪨 0,🌪️ 0,✨ 2,📖 2,👁️ 1,⚖️ 2,♨ 0,Humanoid body covered in glowing cuneiform glyphs.,Mars bestiary,,
311,Temple Thrall,low,🪨 0,🌪️ 3,✨ 0,📖 1,👁️ 1,⚖️ 2,♨ 0,Hooded humanoid with bronze chains.,Mars bestiary,,
312,Oath Servitor,low,🪨 1,🌪️ 1,✨ 0,📖 3,👁️ 2,⚖️ 2,♨ 0,Thin creature branded with oaths across skin.,Mars bestiary,,
313,Lattice Guard,low,🪨 2,🌪️ 3,✨ 0,📖 1,👁️ 1,⚖️ 2,♨ 0,Armored being with crystal lattice skin.,Mars bestiary,,
314,Halo Servant,low,🪨 1,🌪️ 0,✨ 1,📖 2,👁️ 2,⚖️ 2,♨ 0,Radiant figure crowned in false halos.,Mars bestiary,,
315,Obsidian Hound,low,🪨 1,🌪️ 1,✨ 1,📖 3,👁️ 1,⚖️ 2,♨ 0,Dog forged of volcanic glass.,Mars bestiary,,
316,Cinder Jackal,low,🪨 1,🌪️ 0,✨ 1,📖 2,👁️ 3,⚖️ 2,♨ 0,Fiery jackal with ember eyes.,Mars bestiary,,
317,Void Hyena,low,🪨 2,🌪️ 1,✨ 1,📖 2,👁️ 0,⚖️ 2,♨ 0,Twisted hyena with black flames.,Mars bestiary,,
318,Golden Vulture,low,🪨 0,🌪️ 3,✨ 3,📖 0,👁️ 1,⚖️ 3,♨ 1,Bird with radiant gold feathers.,Mars bestiary,,
319,Crystal Basilisk,low,🪨 0,🌪️ 1,✨ 3,📖 1,👁️ 3,⚖️ 3,♨ 1,Lizard of prism scales.,Mars bestiary,,
320,Oath Ghoul,low,🪨 0,🌪️ 1,✨ 2,📖 2,👁️ 1,⚖️ 2,♨ 0,Corpse covered in branded runes.,Mars bestiary,,
321,Chain Wraith,low,🪨 0,🌪️ 1,✨ 0,📖 0,👁️ 2,⚖️ 1,♨ 0,Spirit dragging endless chains.,Mars bestiary,,
322,Glyph Shade,low,🪨 0,🌪️ 3,✨ 3,📖 0,👁️ 1,⚖️ 3,♨ 1,Spirit inscribed with glowing cuneiform.,Mars bestiary,,
323,Halo Wraith,low,🪨 1,🌪️ 2,✨ 1,📖 0,👁️ 3,⚖️ 2,♨ 0,Spectral figure crowned in broken halo.,Mars bestiary,,
324,Crystal Rat,low,🪨 1,🌪️ 0,✨ 2,📖 0,👁️ 1,⚖️ 1,♨ 0,Rat with crystalline body.,Mars bestiary,,
325,Void Tick,low,🪨 2,🌪️ 1,✨ 0,📖 1,👁️ 2,⚖️ 2,♨ 0,"Black bloated insect, glowing veins.",Mars bestiary,,
326,Golden Scarab,low,🪨 3,🌪️ 0,✨ 1,📖 1,👁️ 1,⚖️ 2,♨ 0,Scarab of radiant gold.,Mars bestiary,,
327,Rune Spider,low,🪨 0,🌪️ 0,✨ 0,📖 1,👁️ 2,⚖️ 1,♨ 0,Spider etched with glowing runes.,Mars bestiary,,
328,Rune Idol,low,🪨 0,🌪️ 2,✨ 0,📖 1,👁️ 2,⚖️ 2,♨ 0,Stone idol glowing with runes.,Mars bestiary,,
329,Halo Statue,low,🪨 3,🌪️ 1,✨ 2,📖 1,👁️ 1,⚖️ 3,♨ 1,Radiant statue crowned with false halo.,Mars bestiary,,
330,Obelisk Guard,low,🪨 1,🌪️ 2,✨ 1,📖 0,👁️ 2,⚖️ 2,♨ 0,Tall stone construct marked with cuneiform.,Mars bestiary,,
331,Flame Idol,low,🪨 1,🌪️ 1,✨ 3,📖 1,👁️ 1,⚖️ 2,♨ 0,Statue burning with eternal flame.,Mars bestiary,,
332,Lattice Spearman,low,🪨 1,🌪️ 1,✨ 1,📖 2,👁️ 1,⚖️ 2,♨ 0,Humanoid with crystal lattice skin.,Mars bestiary,,
333,Golden Hoplite,low,🪨 0,🌪️ 3,✨ 2,📖 0,👁️ 0,⚖️ 2,♨ 0,Warrior clad in golden armor.,Mars bestiary,,
334,Halo Archer,low,🪨 3,🌪️ 1,✨ 1,📖 1,👁️ 1,⚖️ 2,♨ 0,Archer glowing with radiant crown.,Mars bestiary,,
335,Rune Swordsman,low,🪨 2,🌪️ 0,✨ 2,📖 1,👁️ 1,⚖️ 2,♨ 0,"Warrior inscribed with glyphs, carrying glowing blade.",Mars bestiary,,
336,Obsidian Axe,low,🪨 1,🌪️ 1,✨ 0,📖 3,👁️ 1,⚖️ 2,♨ 0,Brutal warrior wielding obsidian axe.,Mars bestiary,,
337,Bound Hound,low,🪨 1,🌪️ 2,✨ 1,📖 1,👁️ 0,⚖️ 2,♨ 0,Dog shackled with glowing chains.,Mars bestiary,,
338,Rune Jackal,low,🪨 1,🌪️ 0,✨ 2,📖 1,👁️ 0,⚖️ 1,♨ 0,Jackal with rune carvings glowing across body.,Mars bestiary,,
339,Oath Serpent,low,🪨 1,🌪️ 3,✨ 0,📖 2,👁️ 1,⚖️ 2,♨ 0,Serpent covered in glowing brands.,Mars bestiary,,
340,Crystal Scorpion,low,🪨 2,🌪️ 0,✨ 2,📖 1,👁️ 1,⚖️ 2,♨ 0,Scorpion with crystalline carapace.,Mars bestiary,,
341,Halo Vulture,low,🪨 1,🌪️ 1,✨ 0,📖 3,👁️ 1,⚖️ 2,♨ 0,Radiant vulture crowned with halo.,Mars bestiary,,
342,Golden Rat,low,🪨 1,🌪️ 1,✨ 1,📖 3,👁️ 3,⚖️ 3,♨ 1,Rat with golden fur.,Mars bestiary,,
343,Ash Mite,low,🪨 1,🌪️ 2,✨ 0,📖 2,👁️ 0,⚖️ 2,♨ 0,Tiny insect glowing with embers.,Mars bestiary,,
344,Rune Beetle,low,🪨 1,🌪️ 2,✨ 0,📖 3,👁️ 0,⚖️ 2,♨ 0,Beetle etched with glyphs.,Mars bestiary,,
345,Void Centipede,low,🪨 1,🌪️ 1,✨ 0,📖 1,👁️ 0,⚖️ 1,♨ 0,Long centipede glowing black.,Mars bestiary,,
346,Crystal Spiderling,low,🪨 2,🌪️ 0,✨ 0,📖 2,👁️ 0,⚖️ 2,♨ 0,Small spider covered in crystal shards.,Mars bestiary,,
347,Gold-Mask Captain,high,🪨 3,🌪️ 5,✨ 2,📖 2,👁️ 5,⚖️ 4,♨ 6,"Bronze armor with gilded mask, whip and short sword.",Elites,,
348,Hymncaller,high,🪨 7,🌪️ 7,✨ 3,📖 2,👁️ 3,⚖️ 4,♨ 11,Chanting priestess with bone chimes.,Elites,,
349,Ink-Tongue,high,🪨 3,🌪️ 3,✨ 3,📖 4,👁️ 4,⚖️ 4,♨ 5,Mouth stained black with cursed ink.,Elites,,
350,Fire Pot Bearer,high,🪨 3,🌪️ 5,✨ 2,📖 3,👁️ 5,⚖️ 4,♨ 6,Slave-soldier carrying pots of burning oil.,Elites,,
351,Choir of Bone,high,🪨 2,🌪️ 2,✨ 6,📖 3,👁️ 5,⚖️ 4,♨ 7,Trio of skeletal singers bound together.,Elites,,
352,Desert Boar King,high,🪨 2,🌪️ 3,✨ 6,📖 3,👁️ 5,⚖️ 4,♨ 7,"Tusks of obsidian, armor of sandstone.",Elites,,
353,Word-Eater,high,🪨 7,🌪️ 7,✨ 3,📖 3,👁️ 3,⚖️ 4,♨ 11,Hollow-mouthed figure with glowing runes.,Elites,,
354,Iron Gaoler,high,🪨 2,🌪️ 7,✨ 2,📖 7,👁️ 3,⚖️ 4,♨ 10,Towering armored figure with spiked gauntlets.,Elites,,
355,Chain Tyrant,high,🪨 3,🌪️ 7,✨ 7,📖 2,👁️ 2,⚖️ 4,♨ 10,Covered in writhing spectral chains.,Elites,,
356,Moonblade Captain,high,🪨 5,🌪️ 5,✨ 3,📖 3,👁️ 3,⚖️ 4,♨ 7,"Soldier with crescent-bladed sword, silver helm.",Elites,,
357,Pit Enforcer,high,🪨 2,🌪️ 2,✨ 6,📖 3,👁️ 5,⚖️ 4,♨ 7,Gladiator captain clad in iron bands.,Elites,,
358,Silver Mask Judge,high,🪨 7,🌪️ 3,✨ 6,📖 3,👁️ 3,⚖️ 4,♨ 10,"Faceless mask, silver robes.",Elites,,
359,Eclipse Hierophant,high,🪨 6,🌪️ 2,✨ 6,📖 2,👁️ 2,⚖️ 4,♨ 7,Robed priest glowing with eclipse sigils.,Elites,,
360,Void Augur,high,🪨 7,🌪️ 7,✨ 3,📖 2,👁️ 2,⚖️ 4,♨ 10,Emaciated oracle with hollow eyes.,Elites,,
361,Blood Moon Prophet,high,🪨 2,🌪️ 2,✨ 6,📖 3,👁️ 6,⚖️ 4,♨ 8,Crimson-robed prophet with blood-crystal staff.,Elites,,
362,Chained Seer,high,🪨 2,🌪️ 3,✨ 7,📖 4,👁️ 3,⚖️ 4,♨ 8,Blindfolded mystic wrapped in glowing chains.,Elites,,
363,Ashen Oracle,high,🪨 3,🌪️ 2,✨ 6,📖 2,👁️ 6,⚖️ 4,♨ 8,Ash-coated priest with burning staff.,Elites,,
364,Crescent Duelist,high,🪨 2,🌪️ 3,✨ 4,📖 7,👁️ 3,⚖️ 4,♨ 8,Agile fighter with dual crescent blades.,Elites,,
365,Ironclad Gladiator,high,🪨 6,🌪️ 5,✨ 3,📖 3,👁️ 3,⚖️ 4,♨ 8,Gladiator covered in iron plates.,Elites,,
366,Bloodspiller,high,🪨 6,🌪️ 6,✨ 2,📖 3,👁️ 2,⚖️ 4,♨ 8,Gladiator with crimson-stained armor.,Elites,,
367,Chainfighter,high,🪨 3,🌪️ 3,✨ 7,📖 7,👁️ 2,⚖️ 4,♨ 11,Gladiator wielding hooked chains.,Elites,,
368,Bonebreaker,high,🪨 2,🌪️ 3,✨ 7,📖 6,👁️ 2,⚖️ 4,♨ 9,Giant gladiator wielding massive bone club.,Elites,,
369,Crater Brute,high,🪨 3,🌪️ 2,✨ 6,📖 2,👁️ 6,⚖️ 4,♨ 8,Monstrous humanoid with stone armor fused to skin.,Elites,,
370,Moonspawn Horror,high,🪨 2,🌪️ 5,✨ 5,📖 3,👁️ 2,⚖️ 4,♨ 6,Amorphous flesh mass glowing with runes.,Elites,,
371,Shadow Hulk,high,🪨 6,🌪️ 3,✨ 2,📖 2,👁️ 5,⚖️ 4,♨ 7,Black hulking humanoid with glowing red eyes.,Elites,,
372,Lunar Abomination,high,🪨 3,🌪️ 3,✨ 3,📖 7,👁️ 5,⚖️ 4,♨ 9,"Stitched body, half-machine, half-flesh.",Elites,,
373,Crystal Reaver,high,🪨 3,🌪️ 2,✨ 4,📖 2,👁️ 6,⚖️ 4,♨ 6,Beast covered in jagged lunar crystals.,Elites,,
374,Void Herald,high,🪨 3,🌪️ 3,✨ 7,📖 5,👁️ 3,⚖️ 4,♨ 9,Cloaked figure with black flame crown.,Elites,,
375,Eclipse Warlock,high,🪨 2,🌪️ 5,✨ 3,📖 7,👁️ 2,⚖️ 4,♨ 8,Robed caster with eclipse sigils glowing.,Elites,,
376,Hollow Bishop,high,🪨 3,🌪️ 7,✨ 2,📖 6,👁️ 2,⚖️ 4,♨ 9,"Emaciated cleric with hollowed eyes, silver staff.",Elites,,
377,Chain Pontiff,high,🪨 3,🌪️ 3,✨ 5,📖 2,👁️ 6,⚖️ 4,♨ 7,Towering cleric wrapped in glowing chains.,Elites,,
378,Ash Bishop,high,🪨 2,🌪️ 4,✨ 2,📖 2,👁️ 6,⚖️ 4,♨ 6,Ash-stained cleric glowing with embers.,Elites,,
379,Blade Dancer,high,🪨 3,🌪️ 3,✨ 6,📖 2,👁️ 6,⚖️ 4,♨ 8,Graceful gladiator wielding twin curved blades.,Elites,,
380,Blood Arena Lord,high,🪨 2,🌪️ 6,✨ 3,📖 3,👁️ 5,⚖️ 4,♨ 7,"Gladiator with crimson cloak, war banner.",Elites,,
381,Pit Beastmaster,high,🪨 6,🌪️ 2,✨ 2,📖 4,👁️ 3,⚖️ 4,♨ 6,Gladiator with chained beasts.,Elites,,
382,Skullcrusher,high,🪨 2,🌪️ 4,✨ 6,📖 3,👁️ 3,⚖️ 4,♨ 7,Huge brute with spiked mace.,Elites,,
383,Crystal Knight,high,🪨 6,🌪️ 3,✨ 6,📖 2,👁️ 2,⚖️ 4,♨ 8,Armored knight of crystal plating.,Elites,,
384,Prism Lancer,high,🪨 2,🌪️ 2,✨ 3,📖 7,👁️ 5,⚖️ 4,♨ 8,Cavalier with crystal lance mounted on beast.,Elites,,
385,Gleam Sorcerer,high,🪨 6,🌪️ 3,✨ 2,📖 3,👁️ 7,⚖️ 4,♨ 10,Robed figure with glowing crystal crown.,Elites,,
386,Shard Brute,high,🪨 3,🌪️ 6,✨ 2,📖 4,👁️ 2,⚖️ 4,♨ 6,Hulking mutant covered in shards.,Elites,,
387,Crystal Stalker,high,🪨 2,🌪️ 5,✨ 3,📖 6,👁️ 2,⚖️ 4,♨ 7,Beast with crystalline claws.,Elites,,
388,Void Knight,high,🪨 2,🌪️ 2,✨ 4,📖 2,👁️ 6,⚖️ 4,♨ 6,Armored warrior wreathed in void fire.,Elites,,
389,Shadow Assassin,high,🪨 3,🌪️ 7,✨ 7,📖 3,👁️ 3,⚖️ 4,♨ 11,Black-clad killer with crescent daggers.,Elites,,
390,Hollow Beast,high,🪨 6,🌪️ 2,✨ 2,📖 2,👁️ 4,⚖️ 4,♨ 6,Twisted humanoid with hollow core.,Elites,,
391,Eclipse Wraith,high,🪨 2,🌪️ 2,✨ 2,📖 7,👁️ 7,⚖️ 4,♨ 10,Spirit wreathed in eclipse aura.,Elites,,
392,Void Devourer,high,🪨 6,🌪️ 2,✨ 3,📖 7,👁️ 3,⚖️ 4,♨ 10,Massive humanoid with void mouth across chest.,Elites,,
393,Ash Gladiator Lord,high,🪨 6,🌪️ 7,✨ 2,📖 3,👁️ 3,⚖️ 4,♨ 10,Covered in burning ash armor.,Elites,,
394,Canyon Marauder King,high,🪨 2,🌪️ 2,✨ 6,📖 2,👁️ 6,⚖️ 4,♨ 7,Heavily armed warlord with jagged axe.,Elites,,
395,Bone Raider Lord,high,🪨 2,🌪️ 6,✨ 2,📖 2,👁️ 4,⚖️ 4,♨ 6,"Raider cloaked in bones, spiked spear.",Elites,,
396,Ash Nomad Chieftain,high,🪨 6,🌪️ 3,✨ 2,📖 3,👁️ 6,⚖️ 4,♨ 8,Nomad leader with flaming scimitars.,Elites,,
397,Ash High Priest,high,🪨 2,🌪️ 5,✨ 2,📖 6,👁️ 2,⚖️ 4,♨ 6,Priest draped in smoke and fire.,Elites,,
398,Glyph Knight,high,🪨 3,🌪️ 2,✨ 5,📖 3,👁️ 7,⚖️ 4,♨ 9,Armored warrior etched with glowing runes.,Elites,,
399,Halo Paladin,high,🪨 2,🌪️ 6,✨ 3,📖 2,👁️ 7,⚖️ 4,♨ 9,Radiant knight crowned with luminous halo.,Elites,,
400,Crystal Vanguard,high,🪨 2,🌪️ 3,✨ 3,📖 5,👁️ 5,⚖️ 4,♨ 6,"Soldier clad in crystal armor, spear glowing.",Elites,,
401,Obsidian Berserker,high,🪨 5,🌪️ 2,✨ 6,📖 3,👁️ 3,⚖️ 4,♨ 7,Hulking brute wielding obsidian axes.,Elites,,
402,Oath Champion,high,🪨 2,🌪️ 7,✨ 5,📖 2,👁️ 2,⚖️ 4,♨ 8,Warrior branded with glowing vow runes.,Elites,,
403,Blood Hierophant,high,🪨 3,🌪️ 5,✨ 2,📖 3,👁️ 6,⚖️ 4,♨ 7,"Cloaked in crimson robes, knife in hand.",Elites,,
404,Rune Exarch,high,🪨 6,🌪️ 6,✨ 3,📖 3,👁️ 3,⚖️ 4,♨ 9,"Tall figure cloaked in glyphs, staff blazing.",Elites,,
405,Halo Prelate,high,🪨 2,🌪️ 3,✨ 7,📖 5,👁️ 2,⚖️ 4,♨ 8,Radiant cleric crowned with glowing halo.,Elites,,
406,Void Inquisitor,high,🪨 3,🌪️ 5,✨ 2,📖 2,👁️ 5,⚖️ 4,♨ 6,Shadow-cloaked judge with glowing eyes.,Elites,,
407,Obelisk General,high,🪨 2,🌪️ 6,✨ 3,📖 2,👁️ 5,⚖️ 4,♨ 7,"Armored in stone, inscribed with runes.",Elites,,
408,Golden Strategos,high,🪨 2,🌪️ 2,✨ 2,📖 4,👁️ 7,⚖️ 4,♨ 7,Warrior in gilded armor with jeweled sword.,Elites,,
409,Rune Captain,high,🪨 4,🌪️ 2,✨ 7,📖 3,👁️ 2,⚖️ 4,♨ 7,Soldier branded with glyph tattoos.,Elites,,
410,Halo Commander,high,🪨 3,🌪️ 4,✨ 2,📖 3,👁️ 6,⚖️ 4,♨ 7,Radiant figure with winged helm.,Elites,,
411,Void Centurion,high,🪨 2,🌪️ 2,✨ 2,📖 7,👁️ 4,⚖️ 4,♨ 7,Dark knight wielding void lance.,Elites,,
412,Crystal Colossus,high,🪨 2,🌪️ 7,✨ 3,📖 7,👁️ 2,⚖️ 4,♨ 10,Giant clad in crystalline plates.,Elites,,
413,Oath Leviathan,high,🪨 3,🌪️ 2,✨ 2,📖 5,👁️ 5,⚖️ 4,♨ 6,Serpentine giant inscribed with vow runes.,Elites,,
414,Halo Seraph,high,🪨 3,🌪️ 5,✨ 3,📖 3,👁️ 4,⚖️ 4,♨ 6,Radiant figure with blazing wings.,Elites,,
415,Ash Hierarch,high,🪨 2,🌪️ 3,✨ 5,📖 6,👁️ 3,⚖️ 4,♨ 7,"Cloaked in smoke and flame, mask glowing.",Elites,,
416,Rune Pontiff,high,🪨 3,🌪️ 6,✨ 3,📖 6,👁️ 3,⚖️ 4,♨ 9,Tall figure cloaked in glyph-etched robes.,Elites,,
417,Halo Exemplar,high,🪨 7,🌪️ 4,✨ 2,📖 2,👁️ 3,⚖️ 4,♨ 7,Radiant cleric crowned with blazing halo.,Elites,,
418,Void Exarch,high,🪨 3,🌪️ 6,✨ 3,📖 7,👁️ 2,⚖️ 4,♨ 10,"Dark priest cloaked in shadows, eyes glowing.",Elites,,
419,Crystal General,high,🪨 2,🌪️ 5,✨ 2,📖 2,👁️ 4,⚖️ 4,♨ 5,"Warrior clad in crystal plates, wielding glaive.",Elites,,
420,Golden Strategist,high,🪨 3,🌪️ 2,✨ 5,📖 2,👁️ 5,⚖️ 4,♨ 6,General clad in gold and jewels.,Elites,,
421,Obelisk Warden,high,🪨 4,🌪️ 2,✨ 3,📖 5,👁️ 3,⚖️ 4,♨ 6,"Armored in stone, glyphs glowing.",Elites,,
422,Rune Marshal,high,🪨 2,🌪️ 6,✨ 3,📖 6,👁️ 3,⚖️ 4,♨ 8,"Soldier etched with glowing glyphs, staff spear.",Elites,,
423,Halo Praetor,high,🪨 2,🌪️ 5,✨ 3,📖 2,👁️ 5,⚖️ 4,♨ 6,Radiant warrior with winged helm and spear.,Elites,,
424,Bone Horror King,high,🪨 6,🌪️ 3,✨ 6,📖 3,👁️ 3,⚖️ 4,♨ 9,"Colossal skeleton crowned with skulls, crowned with bone.",Elites,,
425,Halo Seraphim,high,🪨 4,🌪️ 2,✨ 2,📖 3,👁️ 7,⚖️ 4,♨ 7,Winged radiant figure crowned with halos.,Elites,,
426,Ash Lord,high,🪨 3,🌪️ 4,✨ 7,📖 3,👁️ 3,⚖️ 4,♨ 8,Tall warlord cloaked in flame.,Elites,,
427,Rune Khan,high,🪨 2,🌪️ 2,✨ 6,📖 5,👁️ 3,⚖️ 4,♨ 7,Warlord etched with glyph tattoos.,Elites,,
428,Halo Regent,high,🪨 6,🌪️ 2,✨ 2,📖 3,👁️ 5,⚖️ 4,♨ 7,Radiant ruler crowned with great halo.,Elites,,
429,Void King,high,🪨 2,🌪️ 6,✨ 2,📖 2,👁️ 5,⚖️ 4,♨ 6,"Cloaked in shadows, eyes glowing like suns.",Elites,,
430,Moonfire Adept,mid,🪨 1,🌪️ 1,✨ 2,📖 2,👁️ 2,⚖️ 3,♨ 1,Robed mage with glowing silver staff.,Specialists,,
431,Crystal Thaumaturge,mid,🪨 1,🌪️ 2,✨ 2,📖 1,👁️ 5,⚖️ 4,♨ 3,"Robe stitched with shards, crystal focus orb.",Specialists,,
432,Void Evoker,mid,🪨 5,🌪️ 2,✨ 5,📖 1,👁️ 2,⚖️ 4,♨ 5,Hooded mage with void runes etched into skin.,Specialists,,
433,Oracle of Chains,mid,🪨 2,🌪️ 3,✨ 2,📖 1,👁️ 2,⚖️ 3,♨ 1,Blindfolded mystic with golden chains.,Specialists,,
434,Eclipse Visionary,mid,🪨 2,🌪️ 4,✨ 1,📖 3,👁️ 1,⚖️ 4,♨ 2,Pale seer with eclipse eyes.,Specialists,,
435,Ash Prophetess,mid,🪨 2,🌪️ 1,✨ 3,📖 2,👁️ 2,⚖️ 3,♨ 1,Cloaked in ash veil.,Specialists,,
436,Wraith Caller,mid,🪨 2,🌪️ 2,✨ 5,📖 2,👁️ 1,⚖️ 4,♨ 3,"Figure draped in skulls, staff topped with lantern.",Specialists,,
437,Idol Binder,mid,🪨 2,🌪️ 1,✨ 2,📖 5,👁️ 4,⚖️ 4,♨ 4,Shackled summoner dragging idol fragment.,Specialists,,
438,Flesh Sculptor,mid,🪨 2,🌪️ 1,✨ 2,📖 2,👁️ 3,⚖️ 3,♨ 1,Hooded figure carrying bloody chisels.,Specialists,,
439,Venom Alchemist,mid,🪨 2,🌪️ 2,✨ 1,📖 4,👁️ 5,⚖️ 4,♨ 4,"Cloaked with vials, green mist trailing.",Specialists,,
440,Sporebrewer,mid,🪨 1,🌪️ 3,✨ 2,📖 4,👁️ 1,⚖️ 4,♨ 2,Fungal-covered chemist with gourds.,Specialists,,
441,Blood Draught Maker,mid,🪨 4,🌪️ 1,✨ 2,📖 2,👁️ 2,⚖️ 4,♨ 2,Alchemist with crimson vials strapped.,Specialists,,
442,Chain Engineer,mid,🪨 5,🌪️ 2,✨ 1,📖 2,👁️ 2,⚖️ 4,♨ 3,Worker with tools and glowing chains.,Specialists,,
443,Idol Mechanist,mid,🪨 1,🌪️ 1,✨ 4,📖 4,👁️ 2,⚖️ 4,♨ 3,Artificer fused with gears and idol cores.,Specialists,,
444,Crystal Tinker,mid,🪨 2,🌪️ 2,✨ 2,📖 2,👁️ 2,⚖️ 3,♨ 1,Small figure carrying crystal tools.,Specialists,,
445,Soul Harvester,mid,🪨 2,🌪️ 5,✨ 3,📖 1,👁️ 2,⚖️ 4,♨ 3,Tall figure carrying scythe of bone.,Specialists,,
446,Shadow Puppeteer,mid,🪨 2,🌪️ 5,✨ 1,📖 1,👁️ 4,⚖️ 4,♨ 4,Masked with shadow strings.,Specialists,,
447,Blood Soothsayer,mid,🪨 1,🌪️ 1,✨ 3,📖 5,👁️ 2,⚖️ 4,♨ 3,Crimson tattoos glowing faintly.,Specialists,,
448,Ash Sculptor,mid,🪨 2,🌪️ 2,✨ 3,📖 2,👁️ 2,⚖️ 4,♨ 2,"Cloaked in ashes, carrying clay idols.",Specialists,,
449,Eclipse Binder,mid,🪨 1,🌪️ 2,✨ 3,📖 2,👁️ 2,⚖️ 3,♨ 1,Shackled with eclipse sigils.,Specialists,,
450,Dream Warden,mid,🪨 2,🌪️ 1,✨ 3,📖 2,👁️ 2,⚖️ 3,♨ 1,"Hooded priest, eyes glowing silver.",Specialists,,
451,Crystal Puppeteer,mid,🪨 2,🌪️ 3,✨ 2,📖 5,👁️ 2,⚖️ 4,♨ 4,Strings of crystal shards hanging from hands.,Specialists,,
452,Flesh Weaver,mid,🪨 2,🌪️ 2,✨ 4,📖 2,👁️ 5,⚖️ 4,♨ 4,"Stitched robes, needle hands.",Specialists,,
453,Void Scribe,mid,🪨 2,🌪️ 1,✨ 2,📖 4,👁️ 1,⚖️ 4,♨ 2,Scribe with void glyphs carved on arms.,Specialists,,
454,Eclipse Summoner,mid,🪨 2,🌪️ 2,✨ 3,📖 5,👁️ 2,⚖️ 4,♨ 4,Robed figure with crescent crown.,Specialists,,
455,Ash Sorcerer,mid,🪨 2,🌪️ 4,✨ 2,📖 5,👁️ 2,⚖️ 4,♨ 4,"Cloaked in soot-stained robes, carrying obsidian staff.",Specialists,,
456,Ember Seer,mid,🪨 5,🌪️ 2,✨ 3,📖 1,👁️ 2,⚖️ 4,♨ 3,Tattooed mage glowing red.,Specialists,,
457,Smoke Weaver,mid,🪨 2,🌪️ 2,✨ 3,📖 3,👁️ 2,⚖️ 4,♨ 2,Shrouded in smoke veil.,Specialists,,
458,Crimson Thaumaturge,mid,🪨 1,🌪️ 5,✨ 2,📖 2,👁️ 3,⚖️ 4,♨ 3,"Robed in scarlet, knife dripping.",Specialists,,
459,Flesh Carver,mid,🪨 4,🌪️ 1,✨ 1,📖 4,👁️ 1,⚖️ 4,♨ 3,Hooded ritualist with knives.,Specialists,,
460,Red Soothsayer,mid,🪨 1,🌪️ 1,✨ 4,📖 5,👁️ 1,⚖️ 4,♨ 3,Covered in blood-painted glyphs.,Specialists,,
461,Sand Alchemist,mid,🪨 1,🌪️ 1,✨ 3,📖 1,👁️ 3,⚖️ 3,♨ 1,"Cloaked in desert rags, carrying vials.",Specialists,,
462,Venom Brewer,mid,🪨 2,🌪️ 2,✨ 4,📖 1,👁️ 1,⚖️ 4,♨ 2,Alchemist with scorpion vials.,Specialists,,
463,Dust Chemist,mid,🪨 1,🌪️ 4,✨ 1,📖 3,👁️ 1,⚖️ 4,♨ 2,Masked chemist with dust gourds.,Specialists,,
464,Crimson Visionary,mid,🪨 3,🌪️ 4,✨ 2,📖 1,👁️ 2,⚖️ 4,♨ 3,"Hooded in red, glowing eyes.",Specialists,,
465,Sand Prophetess,mid,🪨 2,🌪️ 3,✨ 4,📖 2,👁️ 1,⚖️ 4,♨ 3,"Robed in sand-colored garb, crystal staff.",Specialists,,
466,Bone Binder,mid,🪨 4,🌪️ 1,✨ 4,📖 1,👁️ 1,⚖️ 4,♨ 3,"Cloaked in bones, skull staff.",Specialists,,
467,Ash Idolator,mid,🪨 5,🌪️ 1,✨ 2,📖 2,👁️ 3,⚖️ 4,♨ 3,Carrying burning idol fragment.,Specialists,,
468,Crimson Caller,mid,🪨 5,🌪️ 1,✨ 2,📖 4,👁️ 2,⚖️ 4,♨ 4,Ritualist with crimson horn.,Specialists,,
469,Ash Mechanist,mid,🪨 2,🌪️ 4,✨ 2,📖 4,👁️ 1,⚖️ 4,♨ 3,Engineer fused with ash-plated gears.,Specialists,,
470,Bone Artificer,mid,🪨 2,🌪️ 1,✨ 2,📖 2,👁️ 2,⚖️ 3,♨ 1,Inventor stitched with bones.,Specialists,,
471,Sand Tinker,mid,🪨 2,🌪️ 2,✨ 2,📖 1,👁️ 4,⚖️ 4,♨ 2,Small figure carrying desert tools.,Specialists,,
472,Ash Weaver,mid,🪨 1,🌪️ 5,✨ 3,📖 1,👁️ 2,⚖️ 4,♨ 3,"Cloaked in soot, glowing runes.",Specialists,,
473,Blood Sculptor,mid,🪨 2,🌪️ 3,✨ 1,📖 2,👁️ 3,⚖️ 4,♨ 2,Ritualist cloaked in crimson.,Specialists,,
474,Sand Mystic,mid,🪨 2,🌪️ 2,✨ 3,📖 2,👁️ 4,⚖️ 4,♨ 3,Covered in desert crystals.,Specialists,,
475,Crimson Binder,mid,🪨 2,🌪️ 3,✨ 1,📖 2,👁️ 2,⚖️ 3,♨ 1,Shackled with red chains.,Specialists,,
476,Bone Harvester,mid,🪨 2,🌪️ 2,✨ 1,📖 1,👁️ 5,⚖️ 4,♨ 3,Tall figure with scythe of bones.,Specialists,,
477,Ash Dreamer,mid,🪨 2,🌪️ 1,✨ 1,📖 4,👁️ 4,⚖️ 4,♨ 3,"Cloaked in soot, glowing eyes.",Specialists,,
478,Crimson Scribe,mid,🪨 2,🌪️ 2,✨ 3,📖 1,👁️ 3,⚖️ 4,♨ 2,"Tattooed with crimson glyphs, scrolls glowing.",Specialists,,
479,Cuneiform Savant,mid,🪨 1,🌪️ 4,✨ 3,📖 1,👁️ 2,⚖️ 4,♨ 2,"Cloaked scholar, skin inscribed with shifting runes.",Specialists,,
480,Tablet Keeper,mid,🪨 1,🌪️ 3,✨ 2,📖 3,👁️ 1,⚖️ 4,♨ 2,Hooded figure carrying cracked clay tablets.,Specialists,,
481,Sigil Binder,mid,🪨 2,🌪️ 2,✨ 2,📖 3,👁️ 4,⚖️ 4,♨ 3,Ritualist etched with glowing sigils.,Specialists,,
482,Viscera Sculptor,mid,🪨 1,🌪️ 2,✨ 3,📖 1,👁️ 5,⚖️ 4,♨ 3,Hooded figure with bone tools.,Specialists,,
483,Crimson Oracle,mid,🪨 2,🌪️ 1,✨ 4,📖 2,👁️ 3,⚖️ 4,♨ 3,Woman covered in blood glyphs.,Specialists,,
484,Vow Keeper,mid,🪨 1,🌪️ 1,✨ 3,📖 2,👁️ 4,⚖️ 4,♨ 2,Figure wrapped in parchment scrolls.,Specialists,,
485,Geas Weaver,mid,🪨 2,🌪️ 1,✨ 2,📖 1,👁️ 4,⚖️ 4,♨ 2,Tall cloaked figure with glowing staff.,Specialists,,
486,Covenant Breaker,mid,🪨 1,🌪️ 2,✨ 4,📖 2,👁️ 2,⚖️ 4,♨ 2,Scarred figure branded with failed vows.,Specialists,,
487,Ash Alchemist,mid,🪨 2,🌪️ 3,✨ 2,📖 2,👁️ 5,⚖️ 4,♨ 4,"Cloaked in soot, carrying ember vials.",Specialists,,
488,Crystal Brewer,mid,🪨 3,🌪️ 1,✨ 1,📖 3,👁️ 2,⚖️ 4,♨ 2,Chemist with crystal vials.,Specialists,,
489,Void Chemist,mid,🪨 1,🌪️ 1,✨ 3,📖 3,👁️ 1,⚖️ 3,♨ 1,Cloaked alchemist glowing black.,Specialists,,
490,Bone Conductor,mid,🪨 2,🌪️ 1,✨ 4,📖 2,👁️ 1,⚖️ 4,♨ 2,Necro-summoner with skull staff.,Specialists,,
491,Idol Worshipper,mid,🪨 1,🌪️ 1,✨ 3,📖 1,👁️ 5,⚖️ 4,♨ 3,Carrying fragment of glowing idol.,Specialists,,
492,Beast Caller,mid,🪨 1,🌪️ 3,✨ 1,📖 4,👁️ 2,⚖️ 4,♨ 2,Horned ritualist with bone flute.,Specialists,,
493,Rune Mechanist,mid,🪨 1,🌪️ 2,✨ 5,📖 1,👁️ 3,⚖️ 4,♨ 3,Engineer with glyph-etched tools.,Specialists,,
494,Crystal Artificer,mid,🪨 4,🌪️ 2,✨ 2,📖 2,👁️ 2,⚖️ 4,♨ 2,Inventor plated in crystal shards.,Specialists,,
495,Obsidian Tinker,mid,🪨 4,🌪️ 1,✨ 1,📖 4,👁️ 2,⚖️ 4,♨ 3,Small engineer with obsidian tools.,Specialists,,
496,Rune Mystic,mid,🪨 1,🌪️ 4,✨ 1,📖 1,👁️ 4,⚖️ 4,♨ 3,"Shrouded in runes, crystal staff.",Specialists,,
497,Void Binder,mid,🪨 2,🌪️ 4,✨ 1,📖 4,👁️ 2,⚖️ 4,♨ 3,"Cloaked in void flame, chains glowing.",Specialists,,
498,Halo Mystic,mid,🪨 2,🌪️ 2,✨ 2,📖 1,👁️ 3,⚖️ 3,♨ 1,Radiant figure with halo crown.,Specialists,,
499,Dream Seer,mid,🪨 1,🌪️ 1,✨ 2,📖 4,👁️ 4,⚖️ 4,♨ 3,"Shrouded in veils, glowing eyes.",Specialists,,
500,Glyph Scribe,mid,🪨 2,🌪️ 3,✨ 5,📖 1,👁️ 1,⚖️ 4,♨ 3,Cloaked scholar covered in glyph tattoos.,Specialists,,
501,Warden of Chains,rare,🪨 9,🌪️ 3,✨ 3,📖 7,👁️ 4,⚖️ 4,♨ 15,"Colossal humanoid clad in black iron, body wrapped in endless glowing chains.",Mini-bosses,,
502,Prophet of Eclipse,rare,🪨 4,🌪️ 8,✨ 3,📖 7,👁️ 3,⚖️ 4,♨ 13,"Pale high priest with eclipse crown, robes dripping black flame.",Mini-bosses,,
503,Crystal Tyrant,rare,🪨 4,🌪️ 6,✨ 3,📖 3,👁️ 8,⚖️ 4,♨ 12,"Titan plated entirely in jagged crystal, glowing core in chest.",Mini-bosses,,
504,Hollow Seraph,rare,🪨 8,🌪️ 3,✨ 6,📖 4,👁️ 3,⚖️ 4,♨ 12,"Fallen angelic figure of stone wings, chest hollowed by void.",Mini-bosses,,
505,Blood Moon Avatar,rare,🪨 4,🌪️ 7,✨ 4,📖 9,👁️ 3,⚖️ 4,♨ 16,Towering beast-humanoid glowing crimson under blood moon.,Mini-bosses,,
506,Ash Colossus,rare,🪨 3,🌪️ 3,✨ 6,📖 8,👁️ 4,⚖️ 4,♨ 12,Flaming giant of soot and ember.,Mini-bosses,,
507,Sand Serpent,rare,🪨 4,🌪️ 7,✨ 4,📖 8,👁️ 4,⚖️ 4,♨ 15,Enormous serpent with golden scales.,Mini-bosses,,
508,Bone Goliath,rare,🪨 3,🌪️ 7,✨ 4,📖 3,👁️ 8,⚖️ 4,♨ 13,Colossal skeleton bound by sinew.,Mini-bosses,,
509,Ash Revenant King,rare,🪨 3,🌪️ 6,✨ 7,📖 4,👁️ 3,⚖️ 4,♨ 11,"Warrior cloaked in burning ash, crowned with flame.",Mini-bosses,,
510,Crimson Beast,rare,🪨 3,🌪️ 4,✨ 9,📖 3,👁️ 7,⚖️ 4,♨ 15,Giant beast dripping crimson ichor.,Mini-bosses,,
511,Canyon Titan,rare,🪨 4,🌪️ 4,✨ 9,📖 4,👁️ 9,⚖️ 4,♨ 19,Gigantic brute of stone and sand.,Mini-bosses,,
512,Bone Hydra,rare,🪨 8,🌪️ 7,✨ 3,📖 4,👁️ 4,⚖️ 4,♨ 14,Serpentine beast with five skeletal heads.,Mini-bosses,,
513,Dust Wraith King,rare,🪨 4,🌪️ 8,✨ 4,📖 7,👁️ 3,⚖️ 4,♨ 14,Towering spirit wrapped in storm.,Mini-bosses,,
514,Crimson Juggernaut,rare,🪨 4,🌪️ 3,✨ 9,📖 9,👁️ 3,⚖️ 4,♨ 18,Hulking gladiator clad in crimson armor.,Mini-bosses,,
515,Sandstorm Avatar,rare,🪨 7,🌪️ 4,✨ 7,📖 4,👁️ 4,⚖️ 4,♨ 13,Humanoid formed of sand and wind.,Mini-bosses,,
516,Crimson Prophet King,rare,🪨 8,🌪️ 3,✨ 4,📖 8,👁️ 4,⚖️ 4,♨ 15,Red-robed leader with glowing staff.,Mini-bosses,,
517,Ash Titan Lord,rare,🪨 4,🌪️ 4,✨ 7,📖 8,👁️ 3,⚖️ 4,♨ 14,"Colossal humanoid of burning ash and stone, crowned with flame.",Mini-bosses,,
518,Oath Titan,rare,🪨 3,🌪️ 4,✨ 9,📖 4,👁️ 6,⚖️ 4,♨ 14,"Towering humanoid covered in vow-runes, chains embedded in flesh.",Mini-bosses,,
519,Halo Ascendant,rare,🪨 4,🌪️ 7,✨ 4,📖 9,👁️ 3,⚖️ 4,♨ 16,Radiant being with blazing halos orbiting body.,Mini-bosses,,
520,Glyph Behemoth,rare,🪨 7,🌪️ 4,✨ 9,📖 3,👁️ 3,⚖️ 4,♨ 15,Colossal beast covered in etched runes.,Mini-bosses,,
521,Void Serpent,rare,🪨 4,🌪️ 4,✨ 3,📖 8,👁️ 6,⚖️ 4,♨ 13,Enormous serpent cloaked in shadowfire.,Mini-bosses,,
522,Halo Warden,rare,🪨 3,🌪️ 6,✨ 8,📖 4,👁️ 4,⚖️ 4,♨ 13,"Radiant knight clad in golden armor, halo crown.",Mini-bosses,,
523,Rune Goliath,rare,🪨 7,🌪️ 4,✨ 7,📖 3,👁️ 3,⚖️ 4,♨ 12,Massive humanoid inscribed with giant glyphs.,Mini-bosses,,
524,Crystal Leviathan,rare,🪨 4,🌪️ 9,✨ 3,📖 8,👁️ 4,⚖️ 4,♨ 17,Serpentine monster plated in crystal.,Mini-bosses,,
525,Obelisk Avatar,rare,🪨 4,🌪️ 8,✨ 7,📖 4,👁️ 3,⚖️ 4,♨ 14,Living obelisk inscribed with runes.,Mini-bosses,,
526,Void Horror King,rare,🪨 3,🌪️ 7,✨ 4,📖 4,👁️ 6,⚖️ 4,♨ 12,"Amorphous mass of black fire, crowned with void.",Mini-bosses,,
527,Glyph Titan,rare,🪨 6,🌪️ 3,✨ 8,📖 3,👁️ 3,⚖️ 4,♨ 12,Towering giant covered in glowing glyphs.,Mini-bosses,,
528,Pharaoh of Chains,super,🪨 5,🌪️ 5,✨ 12,📖 8,👁️ 6,⚖️ 4,♨ 27,"Ancient king wrapped in spectral chains, golden mask cracked.",Major-bosses,,
529,Idol Colossus,super,🪨 9,🌪️ 5,✨ 9,📖 5,👁️ 4,⚖️ 4,♨ 21,"Towering statue animated by cult magic, glowing runes.",Major-bosses,,
530,Marsh Leviathan,super,🪨 8,🌪️ 6,✨ 5,📖 4,👁️ 11,⚖️ 4,♨ 24,"Massive serpent with reed crown, body covered in swamp mud.",Major-bosses,,
531,Bronze Juggernaut,super,🪨 5,🌪️ 9,✨ 6,📖 11,👁️ 6,⚖️ 4,♨ 27,"Giant automaton of bronze plates, war hammer in hand.",Major-bosses,,
532,Blood Prophet King,super,🪨 11,🌪️ 4,✨ 6,📖 6,👁️ 10,⚖️ 4,♨ 28,"Emaciated priest with crimson tattoos, staff of bone.",Major-bosses,,
533,Obsidian Lion King,super,🪨 10,🌪️ 6,✨ 6,📖 6,👁️ 11,⚖️ 4,♨ 30,"Giant lion carved of black stone, mane ablaze.",Major-bosses,,
534,Ash Oracle Queen,super,🪨 4,🌪️ 5,✨ 5,📖 9,👁️ 11,⚖️ 4,♨ 24,"Hooded figure, face obscured by burning ash veil, staff glowing.",Major-bosses,,
535,Chain Marshal Lord,super,🪨 9,🌪️ 6,✨ 4,📖 9,👁️ 5,⚖️ 4,♨ 22,"Overseer in blackened bronze, chains wrapped as armor.",Major-bosses,,
536,Fire Ram King,super,🪨 10,🌪️ 9,✨ 6,📖 4,👁️ 4,⚖️ 4,♨ 23,"Wooden ram wrapped in burning oil, crowned with iron.",Major-bosses,,
537,Bone Chariot Lord,super,🪨 5,🌪️ 5,✨ 6,📖 10,👁️ 10,⚖️ 4,♨ 26,"Chariot built from bones, pulled by skeletal oxen.",Major-bosses,,
538,Siege Idol King,super,🪨 5,🌪️ 11,✨ 4,📖 10,👁️ 5,⚖️ 4,♨ 26,"Massive idol animated by cult, glowing with fire.",Major-bosses,,
539,Oil Hydra King,super,🪨 5,🌪️ 4,✨ 5,📖 8,👁️ 8,⚖️ 4,♨ 18,"Multi-headed automaton spewing burning oil, crowned with bronze.",Major-bosses,,
540,Eclipse Hierarch,super,🪨 5,🌪️ 4,✨ 9,📖 6,👁️ 10,⚖️ 4,♨ 24,"Robed priest glowing with eclipse sigils, staff blazing.",Major-bosses,,
541,Void Augur King,super,🪨 4,🌪️ 4,✨ 5,📖 9,👁️ 11,⚖️ 4,♨ 24,"Emaciated oracle with hollow eyes, crowned with void flame.",Major-bosses,,
542,Blood Moon Prophet Lord,super,🪨 6,🌪️ 9,✨ 9,📖 4,👁️ 6,⚖️ 4,♨ 23,"Crimson-robed prophet with blood-crystal staff, eyes glowing.",Major-bosses,,
543,Chained Seer King,super,🪨 4,🌪️ 10,✨ 6,📖 9,👁️ 5,⚖️ 4,♨ 24,"Blindfolded mystic wrapped in glowing chains, staff of silver.",Major-bosses,,
544,Ashen Oracle Queen,super,🪨 10,🌪️ 5,✨ 12,📖 6,👁️ 5,⚖️ 4,♨ 30,"Ash-coated priest with burning staff, veil of embers.",Major-bosses,,
545,Crescent Duelist Lord,super,🪨 6,🌪️ 4,✨ 5,📖 10,👁️ 9,⚖️ 4,♨ 24,"Agile fighter with dual crescent blades, silver helm.",Major-bosses,,
546,Ironclad Gladiator King,super,🪨 5,🌪️ 6,✨ 11,📖 12,👁️ 5,⚖️ 4,♨ 32,"Gladiator covered in iron plates, massive sword.",Major-bosses,,
547,Bloodspiller Lord,super,🪨 4,🌪️ 6,✨ 12,📖 4,👁️ 9,⚖️ 4,♨ 27,"Gladiator with crimson-stained armor, war banner.",Major-bosses,,
548,Chainfighter King,super,🪨 5,🌪️ 10,✨ 5,📖 9,👁️ 5,⚖️ 4,♨ 23,"Gladiator wielding hooked chains, crowned with iron.",Major-bosses,,
549,Bonebreaker Lord,super,🪨 5,🌪️ 5,✨ 11,📖 8,👁️ 4,⚖️ 4,♨ 23,"Giant gladiator wielding massive bone club, mask of skulls.",Major-bosses,,
550,Crater Brute King,super,🪨 4,🌪️ 9,✨ 4,📖 11,👁️ 4,⚖️ 4,♨ 23,"Monstrous humanoid with stone armor fused to skin, crowned with obsidian.",Major-bosses,,
551,Moonspawn Horror King,super,🪨 4,🌪️ 5,✨ 11,📖 6,👁️ 12,⚖️ 4,♨ 31,"Amorphous flesh mass glowing with runes, crowned with lunar crystal.",Major-bosses,,
552,Shadow Hulk King,super,🪨 9,🌪️ 8,✨ 6,📖 5,👁️ 5,⚖️ 4,♨ 21,"Black hulking humanoid with glowing red eyes, crowned with void flame.",Major-bosses,,
553,Lunar Abomination Lord,super,🪨 5,🌪️ 11,✨ 4,📖 5,👁️ 9,⚖️ 4,♨ 24,"Stitched body, half-machine, half-flesh, crowned with silver.",Major-bosses,,
554,Crystal Reaver King,super,🪨 9,🌪️ 5,✨ 10,📖 5,👁️ 6,⚖️ 4,♨ 24,"Beast covered in jagged lunar crystals, glowing core.",Major-bosses,,
555,Void Herald King,super,🪨 5,🌪️ 6,✨ 11,📖 5,👁️ 12,⚖️ 4,♨ 32,"Cloaked figure with black flame crown, staff of void.",Major-bosses,,
556,Eclipse Warlock Lord,super,🪨 9,🌪️ 9,✨ 5,📖 4,👁️ 4,⚖️ 4,♨ 20,"Robed caster with eclipse sigils glowing, crowned with crescent.",Major-bosses,,
557,Hollow Bishop King,super,🪨 10,🌪️ 5,✨ 5,📖 9,👁️ 5,⚖️ 4,♨ 23,"Emaciated cleric with hollowed eyes, silver staff, crowned with moonstone.",Major-bosses,,
558,Chain Pontiff Lord,super,🪨 5,🌪️ 10,✨ 5,📖 11,👁️ 4,⚖️ 4,♨ 26,"Towering cleric wrapped in glowing chains, staff of gold.",Major-bosses,,
559,Ash Bishop Queen,super,🪨 9,🌪️ 5,✨ 5,📖 6,👁️ 10,⚖️ 4,♨ 24,"Ash-stained cleric glowing with embers, mask of soot.",Major-bosses,,
560,Blade Dancer Lord,super,🪨 5,🌪️ 5,✨ 12,📖 5,👁️ 11,⚖️ 4,♨ 31,"Graceful gladiator wielding twin curved blades, crowned with silver.",Major-bosses,,
561,Iron Juggernaut King,super,🪨 9,🌪️ 5,✨ 8,📖 5,👁️ 5,⚖️ 4,♨ 20,"Gladiator clad in iron plates, massive hammer, crowned with bronze.",Major-bosses,,
562,Blood Arena Lord King,super,🪨 6,🌪️ 11,✨ 5,📖 11,👁️ 5,⚖️ 4,♨ 30,"Gladiator with crimson cloak, war banner, crowned with gold.",Major-bosses,,
563,Pit Beastmaster King,super,🪨 6,🌪️ 5,✨ 8,📖 4,👁️ 10,⚖️ 4,♨ 22,"Gladiator with chained beasts, crowned with bone.",Major-bosses,,
564,Skullcrusher King,super,🪨 8,🌪️ 6,✨ 10,📖 5,👁️ 5,⚖️ 4,♨ 23,"Huge brute with spiked mace, crowned with iron.",Major-bosses,,
565,Crystal Knight Lord,super,🪨 9,🌪️ 12,✨ 5,📖 4,👁️ 5,⚖️ 4,♨ 26,"Armored knight of crystal plating, lance glowing.",Major-bosses,,
566,Prism Lancer King,super,🪨 4,🌪️ 10,✨ 4,📖 5,👁️ 11,⚖️ 4,♨ 25,"Cavalier with crystal lance mounted on beast, crowned with crystal.",Major-bosses,,
567,Gleam Sorcerer Lord,super,🪨 5,🌪️ 12,✨ 6,📖 11,👁️ 4,⚖️ 4,♨ 31,"Robed figure with glowing crystal crown, staff of light.",Major-bosses,,
568,Shard Brute King,super,🪨 4,🌪️ 6,✨ 6,📖 9,👁️ 11,⚖️ 4,♨ 26,"Hulking mutant covered in shards, crowned with obsidian.",Major-bosses,,
569,Crystal Stalker Lord,super,🪨 10,🌪️ 11,✨ 5,📖 5,👁️ 6,⚖️ 4,♨ 28,"Beast with crystalline claws, crowned with lunar crystal.",Major-bosses,,
570,Void Knight King,super,🪨 5,🌪️ 11,✨ 6,📖 5,👁️ 9,⚖️ 4,♨ 26,"Armored warrior wreathed in void fire, crowned with shadow.",Major-bosses,,
571,Shadow Assassin Lord,super,🪨 5,🌪️ 9,✨ 8,📖 5,👁️ 6,⚖️ 4,♨ 21,"Black-clad killer with crescent daggers, crowned with silver.",Major-bosses,,
572,Hollow Beast King,super,🪨 4,🌪️ 4,✨ 9,📖 11,👁️ 5,⚖️ 4,♨ 24,"Twisted humanoid with hollow core, crowned with bone.",Major-bosses,,
573,Eclipse Wraith Lord,super,🪨 6,🌪️ 8,✨ 5,📖 9,👁️ 4,⚖️ 4,♨ 20,"Spirit wreathed in eclipse aura, crowned with moonstone.",Major-bosses,,
574,Void Devourer King,super,🪨 5,🌪️ 8,✨ 11,📖 5,👁️ 6,⚖️ 4,♨ 25,"Massive humanoid with void mouth across chest, crowned with darkness.",Major-bosses,,
575,Bronze Pitlord King,super,🪨 11,🌪️ 5,✨ 4,📖 10,👁️ 6,⚖️ 4,♨ 27,"Gladiator captain clad in bronze plates, crowned with gold.",Major-bosses,,
576,Crimson Duelmaster Lord,super,🪨 4,🌪️ 6,✨ 6,📖 10,👁️ 10,⚖️ 4,♨ 26,"Elegant fighter in red armor, twin swords, crowned with crimson.",Major-bosses,,
577,Chain Warlord King,super,🪨 9,🌪️ 5,✨ 12,📖 5,👁️ 4,⚖️ 4,♨ 26,"Bulky gladiator with massive hooked chains, crowned with iron.",Major-bosses,,
578,Masked Champion Lord,super,🪨 5,🌪️ 10,✨ 5,📖 9,👁️ 4,⚖️ 4,♨ 23,"Fighter with ornate golden mask, crowned with gold.",Major-bosses,,
579,Ash Gladiator Lord King,super,🪨 5,🌪️ 4,✨ 11,📖 6,👁️ 9,⚖️ 4,♨ 25,"Covered in burning ash armor, crowned with flame.",Major-bosses,,
580,Ash Priest King,super,🪨 10,🌪️ 6,✨ 5,📖 11,👁️ 4,⚖️ 4,♨ 27,"Tall priest with ash veil, crowned with soot.",Major-bosses,,
581,Blood Oracle Lord,super,🪨 5,🌪️ 9,✨ 11,📖 5,👁️ 5,⚖️ 4,♨ 25,"Oracle with blood-soaked staff, crowned with crimson.",Major-bosses,,
582,Ember Prophet King,super,🪨 10,🌪️ 6,✨ 5,📖 8,👁️ 6,⚖️ 4,♨ 24,"Robed in red firecloth, crowned with ember.",Major-bosses,,
583,Ash Binder Lord,super,🪨 11,🌪️ 5,✨ 12,📖 4,👁️ 5,⚖️ 4,♨ 30,"Cloaked in ash chains, crowned with iron.",Major-bosses,,
584,Crimson Prophetess Queen,super,🪨 6,🌪️ 6,✨ 12,📖 4,👁️ 11,⚖️ 4,♨ 32,"Woman in crimson robes, crescent staff, crowned with ruby.",Major-bosses,,
585,Dune Chieftain King,super,🪨 6,🌪️ 11,✨ 8,📖 6,👁️ 5,⚖️ 4,♨ 26,"Raider chief with golden spear, crowned with sand.",Major-bosses,,
586,Canyon Marauder King Lord,super,🪨 10,🌪️ 6,✨ 4,📖 5,👁️ 11,⚖️ 4,♨ 27,"Heavily armed warlord with jagged axe, crowned with stone.",Major-bosses,,
587,Bone Raider Lord King,super,🪨 5,🌪️ 11,✨ 5,📖 6,👁️ 10,⚖️ 4,♨ 28,"Raider cloaked in bones, spiked spear, crowned with skulls.",Major-bosses,,
588,Ash Nomad Chieftain King,super,🪨 5,🌪️ 8,✨ 6,📖 8,👁️ 5,⚖️ 4,♨ 20,"Nomad leader with flaming scimitars, crowned with ash.",Major-bosses,,
589,Sandstorm Khan Lord,super,🪨 5,🌪️ 5,✨ 8,📖 5,👁️ 12,⚖️ 4,♨ 26,"Warlord with flowing robes, staff of wind, crowned with sand.",Major-bosses,,
590,Bone Colossus King,super,🪨 5,🌪️ 10,✨ 12,📖 6,👁️ 5,⚖️ 4,♨ 30,"Giant humanoid made of bone, crowned with skulls.",Major-bosses,,
591,Dust Wraith Lord,super,🪨 4,🌪️ 6,✨ 9,📖 4,👁️ 9,⚖️ 4,♨ 21,"Spirit shrouded in dust storm, crowned with sand.",Major-bosses,,
592,Crimson Horror King,super,🪨 5,🌪️ 5,✨ 9,📖 8,👁️ 5,⚖️ 4,♨ 20,"Flesh beast dripping crimson ichor, crowned with ruby.",Major-bosses,,
593,Ash High Priest King,super,🪨 9,🌪️ 5,✨ 5,📖 5,👁️ 11,⚖️ 4,♨ 25,"Priest draped in smoke and fire, crowned with soot.",Major-bosses,,
594,Blood Matron Queen,super,🪨 11,🌪️ 5,✨ 5,📖 5,👁️ 10,⚖️ 4,♨ 27,"Elder woman cloaked in crimson, ritual knife, crowned with ruby.",Major-bosses,,
595,Ember Lord King,super,🪨 8,🌪️ 4,✨ 4,📖 5,👁️ 11,⚖️ 4,♨ 22,"Red-armored prophet, flame sword, crowned with ember.",Major-bosses,,
596,Chain Hierophant Lord,super,🪨 5,🌪️ 5,✨ 9,📖 12,👁️ 4,⚖️ 4,♨ 26,"Priest covered in glowing chains, crowned with iron.",Major-bosses,,
597,Crimson Pontiff King,super,🪨 5,🌪️ 5,✨ 8,📖 12,👁️ 5,⚖️ 4,♨ 26,"Regal cult leader in crimson robes, jeweled staff, crowned with ruby.",Major-bosses,,
598,Pit King Lord,super,🪨 6,🌪️ 11,✨ 6,📖 12,👁️ 4,⚖️ 4,♨ 32,"Gladiator king with gold armor, bone crown, crowned with gold.",Major-bosses,,
599,Masked Warlord King,super,🪨 9,🌪️ 4,✨ 9,📖 5,👁️ 4,⚖️ 4,♨ 20,"Champion with gilded mask, twin axes, crowned with gold.",Major-bosses,,
600,Crimson Champion Lord,super,🪨 6,🌪️ 6,✨ 8,📖 12,👁️ 5,⚖️ 4,♨ 28,"Fighter drenched in blood, serrated sword, crowned with crimson.",Major-bosses,,
601,Bone Gladiator King,super,🪨 4,🌪️ 10,✨ 5,📖 5,👁️ 10,⚖️ 4,♨ 24,"Gladiator armored in bones, crowned with skulls.",Major-bosses,,
602,Arena Juggernaut King,super,🪨 6,🌪️ 6,✨ 9,📖 11,👁️ 6,⚖️ 4,♨ 28,"Enormous gladiator with chained hammer, crowned with iron.",Major-bosses,,
603,Ash Demon Lord,super,🪨 9,🌪️ 4,✨ 5,📖 5,👁️ 11,⚖️ 4,♨ 24,"Demon of ash and fire, horned skull, crowned with flame.",Major-bosses,,
604,Crimson Abomination Lord,super,🪨 5,🌪️ 8,✨ 5,📖 5,👁️ 11,⚖️ 4,♨ 24,"Flesh beast dripping crimson ichor, crowned with crimson.",Major-bosses,,
605,Dust Titan King,super,🪨 4,🌪️ 5,✨ 6,📖 10,👁️ 10,⚖️ 4,♨ 25,"Colossal being of dust and stone, crowned with sand.",Major-bosses,,
606,Ash Leviathan King,super,🪨 11,🌪️ 4,✨ 8,📖 5,👁️ 5,⚖️ 4,♨ 23,"Serpentine beast wreathed in flame, crowned with soot.",Major-bosses,,
607,Red Khan Lord,super,🪨 10,🌪️ 11,✨ 6,📖 4,👁️ 4,⚖️ 4,♨ 26,"Warlord clad in red armor, massive axe, crowned with ruby.",Major-bosses,,
608,Bone Chieftain King,super,🪨 4,🌪️ 5,✨ 8,📖 4,👁️ 9,⚖️ 4,♨ 19,"Tribal leader wearing skull mask, crowned with bone.",Major-bosses,,
609,Canyon Lord King,super,🪨 9,🌪️ 8,✨ 5,📖 6,👁️ 4,⚖️ 4,♨ 20,"Raider general, golden spear, crowned with stone.",Major-bosses,,
610,Sandstorm Prophet Lord,super,🪨 5,🌪️ 9,✨ 11,📖 4,👁️ 4,⚖️ 4,♨ 24,"Robed warlord with wind staff, crowned with sand.",Major-bosses,,
611,Crimson Khan King,super,🪨 9,🌪️ 5,✨ 10,📖 4,👁️ 6,⚖️ 4,♨ 24,"Regal warlord in crimson silk, jeweled sword, crowned with ruby.",Major-bosses,,
612,Glyph Knight King,super,🪨 9,🌪️ 5,✨ 12,📖 4,👁️ 5,⚖️ 4,♨ 26,"Armored warrior etched with glowing runes, crowned with glyphs.",Major-bosses,,
613,Halo Paladin Lord,super,🪨 5,🌪️ 4,✨ 11,📖 10,👁️ 6,⚖️ 4,♨ 27,"Radiant knight crowned with luminous halo, crowned with gold.",Major-bosses,,
614,Crystal Vanguard King,super,🪨 9,🌪️ 5,✨ 8,📖 5,👁️ 5,⚖️ 4,♨ 20,"Soldier clad in crystal armor, spear glowing, crowned with crystal.",Major-bosses,,
615,Obsidian Berserker King,super,🪨 5,🌪️ 4,✨ 6,📖 8,👁️ 9,⚖️ 4,♨ 20,"Hulking brute wielding obsidian axes, crowned with obsidian.",Major-bosses,,
616,Oath Champion Lord,super,🪨 11,🌪️ 9,✨ 6,📖 6,👁️ 5,⚖️ 4,♨ 27,"Warrior branded with glowing vow runes, crowned with parchment.",Major-bosses,,
617,Blood Hierophant Lord,super,🪨 5,🌪️ 4,✨ 10,📖 12,👁️ 4,⚖️ 4,♨ 27,"Cloaked in crimson robes, knife in hand, crowned with ruby.",Major-bosses,,
618,Rune Exarch King,super,🪨 11,🌪️ 10,✨ 6,📖 4,👁️ 6,⚖️ 4,♨ 28,"Tall figure cloaked in glyphs, staff blazing, crowned with glyphs.",Major-bosses,,
619,Halo Prelate Lord,super,🪨 5,🌪️ 11,✨ 5,📖 4,👁️ 11,⚖️ 4,♨ 28,"Radiant cleric crowned with glowing halo, crowned with gold.",Major-bosses,,
620,Void Inquisitor King,super,🪨 5,🌪️ 6,✨ 5,📖 9,👁️ 11,⚖️ 4,♨ 26,"Shadow-cloaked judge with glowing eyes, crowned with void.",Major-bosses,,
621,Obelisk General King,super,🪨 5,🌪️ 5,✨ 10,📖 6,👁️ 10,⚖️ 4,♨ 26,"Armored in stone, inscribed with runes, crowned with obelisk.",Major-bosses,,
622,Golden Strategos Lord,super,🪨 6,🌪️ 12,✨ 11,📖 5,👁️ 5,⚖️ 4,♨ 32,"Warrior in gilded armor with jeweled sword, crowned with gold.",Major-bosses,,
623,Rune Captain King,super,🪨 5,🌪️ 5,✨ 11,📖 9,👁️ 6,⚖️ 4,♨ 26,"Soldier branded with glyph tattoos, crowned with glyphs.",Major-bosses,,
624,Halo Commander Lord,super,🪨 5,🌪️ 5,✨ 10,📖 11,👁️ 5,⚖️ 4,♨ 27,"Radiant figure with winged helm, crowned with gold.",Major-bosses,,
625,Void Centurion King,super,🪨 5,🌪️ 5,✨ 8,📖 5,👁️ 12,⚖️ 4,♨ 26,"Dark knight wielding void lance, crowned with void.",Major-bosses,,
626,Crystal Colossus King,super,🪨 11,🌪️ 5,✨ 4,📖 9,👁️ 5,⚖️ 4,♨ 24,"Giant clad in crystalline plates, crowned with crystal.",Major-bosses,,
627,Oath Leviathan Lord,super,🪨 6,🌪️ 11,✨ 11,📖 5,👁️ 5,⚖️ 4,♨ 30,"Serpentine giant inscribed with vow runes, crowned with parchment.",Major-bosses,,
628,Ash Titan King,super,🪨 5,🌪️ 11,✨ 10,📖 5,👁️ 5,⚖️ 4,♨ 27,"Colossal humanoid wreathed in flame, crowned with soot.",Major-bosses,,
629,Halo Seraph Lord,super,🪨 11,🌪️ 5,✨ 6,📖 9,👁️ 5,⚖️ 4,♨ 26,"Winged figure of radiant light, halo blazing, crowned with gold.",Major-bosses,,
630,Ash Hierarch Lord,super,🪨 6,🌪️ 5,✨ 10,📖 4,👁️ 8,⚖️ 4,♨ 22,"Cloaked in smoke and flame, mask glowing, crowned with soot.",Major-bosses,,
631,Rune Pontiff King,super,🪨 5,🌪️ 10,✨ 6,📖 4,👁️ 10,⚖️ 4,♨ 25,"Tall figure cloaked in glyph-etched robes, crowned with glyphs.",Major-bosses,,
632,Halo Exemplar Lord,super,🪨 4,🌪️ 9,✨ 5,📖 10,👁️ 6,⚖️ 4,♨ 24,"Radiant cleric crowned with blazing halo, crowned with gold.",Major-bosses,,
633,Void Exarch King,super,🪨 9,🌪️ 4,✨ 11,📖 5,👁️ 6,⚖️ 4,♨ 25,"Dark priest cloaked in shadows, eyes glowing, crowned with void.",Major-bosses,,
634,Crystal General King,super,🪨 5,🌪️ 5,✨ 5,📖 11,👁️ 12,⚖️ 4,♨ 31,"Warrior clad in crystal plates, wielding glaive, crowned with crystal.",Major-bosses,,
635,Golden Strategist Lord,super,🪨 9,🌪️ 5,✨ 5,📖 12,👁️ 4,⚖️ 4,♨ 26,"General clad in gold and jewels, crowned with gold.",Major-bosses,,
636,Obelisk Warden King,super,🪨 12,🌪️ 8,✨ 4,📖 6,👁️ 5,⚖️ 4,♨ 26,"Armored in stone, glyphs glowing, crowned with obelisk.",Major-bosses,,
637,Rune Marshal King,super,🪨 4,🌪️ 9,✨ 5,📖 11,👁️ 5,⚖️ 4,♨ 24,"Soldier etched with glowing glyphs, staff spear, crowned with glyphs.",Major-bosses,,
638,Halo Praetor Lord,super,🪨 9,🌪️ 6,✨ 10,📖 4,👁️ 5,⚖️ 4,♨ 24,"Radiant warrior with winged helm and spear, crowned with gold.",Major-bosses,,
639,Halo Seraphim Lord,super,🪨 6,🌪️ 9,✨ 5,📖 9,👁️ 6,⚖️ 4,♨ 24,"Winged radiant figure crowned with halos, crowned with gold.",Major-bosses,,
640,Ash Lord King,super,🪨 12,🌪️ 6,✨ 4,📖 5,👁️ 11,⚖️ 4,♨ 31,"Tall warlord cloaked in flame, crowned with soot.",Major-bosses,,
641,Rune Khan King,super,🪨 6,🌪️ 4,✨ 5,📖 11,👁️ 12,⚖️ 4,♨ 31,"Warlord etched with glyph tattoos, crowned with glyphs.",Major-bosses,,
642,Halo Regent Lord,super,🪨 5,🌪️ 5,✨ 9,📖 10,👁️ 5,⚖️ 4,♨ 23,"Radiant ruler crowned with great halo, crowned with gold.",Major-bosses,,
643,Void King Lord,super,🪨 8,🌪️ 8,✨ 6,📖 6,👁️ 4,⚖️ 4,♨ 20,"Cloaked in shadows, eyes glowing like suns, crowned with void.",Major-bosses,,
644,"Pharaoh of Chains, the Eternal",super,🪨 4,🌪️ 8,✨ 9,📖 4,👁️ 6,⚖️ 4,♨ 20,"Ancient king wrapped in spectral chains, golden mask cracked, eyes burning with blue fire.",Kingdom-bosses,,
645,"River Titan, the Flood King",super,🪨 6,🌪️ 9,✨ 8,📖 5,👁️ 5,⚖️ 4,♨ 21,"Colossal warrior clad in fishbone armor, wielding a trident of bone and gold, crowned with reeds.",Kingdom-bosses,,
646,"Idol Colossus, the Living God",super,🪨 6,🌪️ 5,✨ 12,📖 8,👁️ 5,⚖️ 4,♨ 27,"Towering statue animated by cult magic, covered in glowing runes, crowned with obsidian.",Kingdom-bosses,,
647,"Marsh Leviathan, the Drowned Queen",super,🪨 5,🌪️ 5,✨ 6,📖 9,👁️ 11,⚖️ 4,♨ 26,"Massive serpent with reed crown, body covered in swamp mud, eyes glowing green.",Kingdom-bosses,,
648,"Sandstorm Khan, the Desert Lord",super,🪨 5,🌪️ 9,✨ 4,📖 10,👁️ 6,⚖️ 4,♨ 24,"Warlord with flowing robes, staff of wind, surrounded by a swirling sandstorm, crowned with gold.",Kingdom-bosses,,
649,"Eclipse Hierarch, the Night King",super,🪨 5,🌪️ 4,✨ 9,📖 4,👁️ 12,⚖️ 4,♨ 26,"Robed priest glowing with eclipse sigils, staff blazing, crowned with a black flame halo.",Kingdom-bosses,,
650,"Void Augur, the Hollow Prophet",super,🪨 8,🌪️ 5,✨ 11,📖 6,👁️ 5,⚖️ 4,♨ 25,"Emaciated oracle with hollow eyes, crowned with void flame, body wreathed in shadow.",Kingdom-bosses,,
651,"Blood Moon Prophet, the Crimson Oracle",super,🪨 12,🌪️ 5,✨ 12,📖 5,👁️ 6,⚖️ 4,♨ 34,"Crimson-robed prophet with blood-crystal staff, eyes glowing red, crowned with lunar silver.",Kingdom-bosses,,
652,"Chained Seer, the Blind Judge",super,🪨 9,🌪️ 4,✨ 9,📖 5,👁️ 6,⚖️ 4,♨ 22,"Blindfolded mystic wrapped in glowing chains, staff of silver, crowned with moonstone.",Kingdom-bosses,,
653,"Ashen Oracle, the Ember Queen",super,🪨 9,🌪️ 5,✨ 5,📖 8,👁️ 5,⚖️ 4,♨ 20,"Ash-coated priest with burning staff, veil of embers, crowned with a circlet of soot.",Kingdom-bosses,,
654,"Bronze Pitlord, the Arena King",super,🪨 5,🌪️ 5,✨ 5,📖 9,👁️ 11,⚖️ 4,♨ 25,"Gladiator captain clad in bronze plates, crowned with gold, wielding a massive warhammer.",Kingdom-bosses,,
655,"Crimson Duelmaster, the Blood Regent",super,🪨 4,🌪️ 4,✨ 11,📖 12,👁️ 6,⚖️ 4,♨ 30,"Elegant fighter in red armor, twin swords, crowned with crimson, cloak trailing blood.",Kingdom-bosses,,
656,"Chain Warlord, the Iron Tyrant",super,🪨 5,🌪️ 11,✨ 5,📖 5,👁️ 8,⚖️ 4,♨ 24,"Bulky gladiator with massive hooked chains, crowned with iron, body covered in scars.",Kingdom-bosses,,
657,"Masked Champion, the Golden Face",super,🪨 5,🌪️ 12,✨ 5,📖 8,👁️ 6,⚖️ 4,♨ 27,"Fighter with ornate golden mask, crowned with gold, wielding twin axes.",Kingdom-bosses,,
658,"Ash Gladiator Lord, the Flame Sovereign",super,🪨 10,🌪️ 4,✨ 5,📖 5,👁️ 12,⚖️ 4,♨ 28,"Covered in burning ash armor, crowned with flame, sword glowing with embers.",Kingdom-bosses,,
659,"Glyph Knight, the Rune King",super,🪨 11,🌪️ 5,✨ 6,📖 6,👁️ 9,⚖️ 4,♨ 27,"Armored warrior etched with glowing runes, crowned with glyphs, wielding a rune blade.",Kingdom-bosses,,
660,"Halo Paladin, the Radiant Lord",super,🪨 4,🌪️ 10,✨ 5,📖 9,👁️ 6,⚖️ 4,♨ 24,"Radiant knight crowned with luminous halo, golden armor shining, spear blazing with light.",Kingdom-bosses,,
661,"Crystal Vanguard, the Shard Emperor",super,🪨 5,🌪️ 10,✨ 5,📖 5,👁️ 8,⚖️ 4,♨ 22,"Soldier clad in crystal armor, spear glowing, crowned with crystal, shield of light.",Kingdom-bosses,,
662,"Obsidian Berserker, the Black King",super,🪨 5,🌪️ 9,✨ 5,📖 12,👁️ 6,⚖️ 4,♨ 28,"Hulking brute wielding obsidian axes, crowned with obsidian, body streaked with magma.",Kingdom-bosses,,
663,"Oath Champion, the Covenant King",super,🪨 5,🌪️ 9,✨ 9,📖 4,👁️ 4,⚖️ 4,♨ 20,"Warrior branded with glowing vow runes, crowned with parchment, wielding a vow-forged blade.",Kingdom-bosses,,
