stone,wind,veil,oath,eye,weight,upkeep
рҹӘЁ  10,рҹҢӘпёҸ  9,вңЁ  9,рҹ“–  10,рҹ‘ҒпёҸ  9,вҡ–пёҸ  9,вҷЁ  20
рҹӘЁ  8,рҹҢӘпёҸ  4,вңЁ  7,рҹ“–  4,рҹ‘ҒпёҸ  4,вҡ–пёҸ  4,вҷЁ  15
рҹӘЁ  9,рҹҢӘпёҸ  3,вңЁ  9,рҹ“–  4,рҹ‘ҒпёҸ  4,вҡ–пёҸ  4,вҷЁ  18
рҹӘЁ  6,рҹҢӘпёҸ  4,вңЁ  3,рҹ“–  9,рҹ‘ҒпёҸ  4,вҡ–пёҸ  4,вҷЁ  14
рҹӘЁ  7,рҹҢӘпёҸ  3,вңЁ  7,рҹ“–  4,рҹ‘ҒпёҸ  3,вҡ–пёҸ  4,вҷЁ  12
рҹӘЁ  3,рҹҢӘпёҸ  3,вңЁ  4,рҹ“–  7,рҹ‘ҒпёҸ  7,вҡ–пёҸ  4,вҷЁ  12
рҹӘЁ  4,рҹҢӘпёҸ  7,вңЁ  4,рҹ“–  3,рҹ‘ҒпёҸ  7,вҡ–пёҸ  4,вҷЁ  13
рҹӘЁ  7,рҹҢӘпёҸ  8,вңЁ  4,рҹ“–  4,рҹ‘ҒпёҸ  3,вҡ–пёҸ  4,вҷЁ  14
рҹӘЁ  8,рҹҢӘпёҸ  8,вңЁ  3,рҹ“–  3,рҹ‘ҒпёҸ  3,вҡ–пёҸ  4,вҷЁ  14
рҹӘЁ  8,рҹҢӘпёҸ  4,вңЁ  3,рҹ“–  7,рҹ‘ҒпёҸ  4,вҡ–пёҸ  4,вҷЁ  14
рҹӘЁ  4,рҹҢӘпёҸ  4,вңЁ  3,рҹ“–  9,рҹ‘ҒпёҸ  8,вҡ–пёҸ  4,вҷЁ  17
рҹӘЁ  3,рҹҢӘпёҸ  3,вңЁ  8,рҹ“–  7,рҹ‘ҒпёҸ  4,вҡ–пёҸ  4,вҷЁ  13
рҹӘЁ  4,рҹҢӘпёҸ  4,вңЁ  7,рҹ“–  4,рҹ‘ҒпёҸ  6,вҡ–пёҸ  4,вҷЁ  12
рҹӘЁ  6,рҹҢӘпёҸ  7,вңЁ  3,рҹ“–  3,рҹ‘ҒпёҸ  3,вҡ–пёҸ  4,вҷЁ  10
рҹӘЁ  3,рҹҢӘпёҸ  4,вңЁ  6,рҹ“–  4,рҹ‘ҒпёҸ  7,вҡ–пёҸ  4,вҷЁ  12
рҹӘЁ  3,рҹҢӘпёҸ  0,вңЁ  3,рҹ“–  0,рҹ‘ҒпёҸ  0,вҡ–пёҸ  3,вҷЁ  1
рҹӘЁ  0,рҹҢӘпёҸ  2,вңЁ  2,рҹ“–  1,рҹ‘ҒпёҸ  1,вҡ–пёҸ  2,вҷЁ  0
рҹӘЁ  2,рҹҢӘпёҸ  1,вңЁ  0,рҹ“–  2,рҹ‘ҒпёҸ  0,вҡ–пёҸ  2,вҷЁ  0
рҹӘЁ  0,рҹҢӘпёҸ  1,вңЁ  3,рҹ“–  1,рҹ‘ҒпёҸ  1,вҡ–пёҸ  2,вҷЁ  0
рҹӘЁ  1,рҹҢӘпёҸ  2,вңЁ  0,рҹ“–  0,рҹ‘ҒпёҸ  1,вҡ–пёҸ  1,вҷЁ  0
рҹӘЁ  1,рҹҢӘпёҸ  3,вңЁ  2,рҹ“–  1,рҹ‘ҒпёҸ  1,вҡ–пёҸ  3,вҷЁ  1
рҹӘЁ  1,рҹҢӘпёҸ  1,вңЁ  1,рҹ“–  2,рҹ‘ҒпёҸ  0,вҡ–пёҸ  2,вҷЁ  0
рҹӘЁ  0,рҹҢӘпёҸ  3,вңЁ  0,рҹ“–  2,рҹ‘ҒпёҸ  0,вҡ–пёҸ  2,вҷЁ  0
рҹӘЁ  1,рҹҢӘпёҸ  1,вңЁ  2,рҹ“–  1,рҹ‘ҒпёҸ  1,вҡ–пёҸ  2,вҷЁ  0
рҹӘЁ  1,рҹҢӘпёҸ  1,вңЁ  2,рҹ“–  2,рҹ‘ҒпёҸ  0,вҡ–пёҸ  2,вҷЁ  0
рҹӘЁ  2,рҹҢӘпёҸ  0,вңЁ  3,рҹ“–  0,рҹ‘ҒпёҸ  1,вҡ–пёҸ  2,вҷЁ  0
рҹӘЁ  0,рҹҢӘпёҸ  0,вңЁ  2,рҹ“–  3,рҹ‘ҒпёҸ  1,вҡ–пёҸ  2,вҷЁ  0
рҹӘЁ  1,рҹҢӘпёҸ  0,вңЁ  0,рҹ“–  1,рҹ‘ҒпёҸ  2,вҡ–пёҸ  1,вҷЁ  0
рҹӘЁ  1,рҹҢӘпёҸ  1,вңЁ  1,рҹ“–  1,рҹ‘ҒпёҸ  0,вҡ–пёҸ  1,вҷЁ  0
рҹӘЁ  2,рҹҢӘпёҸ  0,вңЁ  3,рҹ“–  1,рҹ‘ҒпёҸ  1,вҡ–пёҸ  2,вҷЁ  0
рҹӘЁ  1,рҹҢӘпёҸ  1,вңЁ  1,рҹ“–  1,рҹ‘ҒпёҸ  2,вҡ–пёҸ  2,вҷЁ  0
рҹӘЁ  1,рҹҢӘпёҸ  1,вңЁ  2,рҹ“–  0,рҹ‘ҒпёҸ  2,вҡ–пёҸ  2,вҷЁ  0
рҹӘЁ  1,рҹҢӘпёҸ  2,вңЁ  1,рҹ“–  2,рҹ‘ҒпёҸ  0,вҡ–пёҸ  2,вҷЁ  0
рҹӘЁ  0,рҹҢӘпёҸ  0,вңЁ  1,рҹ“–  2,рҹ‘ҒпёҸ  2,вҡ–пёҸ  2,вҷЁ  0
рҹӘЁ  1,рҹҢӘпёҸ  0,вңЁ  3,рҹ“–  2,рҹ‘ҒпёҸ  1,вҡ–пёҸ  2,вҷЁ  0
рҹӘЁ  3,рҹҢӘпёҸ  1,вңЁ  1,рҹ“–  1,рҹ‘ҒпёҸ  1,вҡ–пёҸ  2,вҷЁ  0
рҹӘЁ  0,рҹҢӘпёҸ  2,вңЁ  1,рҹ“–  0,рҹ‘ҒпёҸ  1,вҡ–пёҸ  1,вҷЁ  0
рҹӘЁ  3,рҹҢӘпёҸ  0,вңЁ  2,рҹ“–  1,рҹ‘ҒпёҸ  0,вҡ–пёҸ  2,вҷЁ  0
рҹӘЁ  0,рҹҢӘпёҸ  1,вңЁ  1,рҹ“–  2,рҹ‘ҒпёҸ  3,вҡ–пёҸ  2,вҷЁ  0
рҹӘЁ  1,рҹҢӘпёҸ  1,вңЁ  0,рҹ“–  1,рҹ‘ҒпёҸ  1,вҡ–пёҸ  1,вҷЁ  0
рҹӘЁ  1,рҹҢӘпёҸ  2,вңЁ  1,рҹ“–  1,рҹ‘ҒпёҸ  1,вҡ–пёҸ  2,вҷЁ  0
рҹӘЁ  0,рҹҢӘпёҸ  1,вңЁ  2,рҹ“–  0,рҹ‘ҒпёҸ  2,вҡ–пёҸ  2,вҷЁ  0
рҹӘЁ  1,рҹҢӘпёҸ  0,вңЁ  3,рҹ“–  1,рҹ‘ҒпёҸ  2,вҡ–пёҸ  2,вҷЁ  0
рҹӘЁ  2,рҹҢӘпёҸ  0,вңЁ  1,рҹ“–  2,рҹ‘ҒпёҸ  1,вҡ–пёҸ  2,вҷЁ  0
рҹӘЁ  1,рҹҢӘпёҸ  3,вңЁ  1,рҹ“–  1,рҹ‘ҒпёҸ  0,вҡ–пёҸ  2,вҷЁ  0
рҹӘЁ  1,рҹҢӘпёҸ  0,вңЁ  1,рҹ“–  1,рҹ‘ҒпёҸ  1,вҡ–пёҸ  1,вҷЁ  0
рҹӘЁ  3,рҹҢӘпёҸ  3,вңЁ  1,рҹ“–  0,рҹ‘ҒпёҸ  0,вҡ–пёҸ  3,вҷЁ  1
рҹӘЁ  1,рҹҢӘпёҸ  3,вңЁ  0,рҹ“–  0,рҹ‘ҒпёҸ  2,вҡ–пёҸ  2,вҷЁ  0
рҹӘЁ  0,рҹҢӘпёҸ  0,вңЁ  1,рҹ“–  1,рҹ‘ҒпёҸ  0,вҡ–пёҸ  1,вҷЁ  0
рҹӘЁ  0,рҹҢӘпёҸ  1,вңЁ  1,рҹ“–  1,рҹ‘ҒпёҸ  2,вҡ–пёҸ  2,вҷЁ  0
рҹӘЁ  1,рҹҢӘпёҸ  0,вңЁ  2,рҹ“–  0,рҹ‘ҒпёҸ  2,вҡ–пёҸ  2,вҷЁ  0
рҹӘЁ  1,рҹҢӘпёҸ  1,вңЁ  0,рҹ“–  2,рҹ‘ҒпёҸ  1,вҡ–пёҸ  2,вҷЁ  0
рҹӘЁ  1,рҹҢӘпёҸ  2,вңЁ  0,рҹ“–  2,рҹ‘ҒпёҸ  0,вҡ–пёҸ  2,вҷЁ  0
рҹӘЁ  3,рҹҢӘпёҸ  1,вңЁ  1,рҹ“–  3,рҹ‘ҒпёҸ  1,вҡ–пёҸ  3,вҷЁ  1
рҹӘЁ  0,рҹҢӘпёҸ  0,вңЁ  2,рҹ“–  0,рҹ‘ҒпёҸ  1,вҡ–пёҸ  1,вҷЁ  0
рҹӘЁ  2,рҹҢӘпёҸ  1,вңЁ  1,рҹ“–  2,рҹ‘ҒпёҸ  1,вҡ–пёҸ  2,вҷЁ  0
рҹӘЁ  0,рҹҢӘпёҸ  1,вңЁ  2,рҹ“–  1,рҹ‘ҒпёҸ  1,вҡ–пёҸ  2,вҷЁ  0
рҹӘЁ  1,рҹҢӘпёҸ  1,вңЁ  0,рҹ“–  0,рҹ‘ҒпёҸ  2,вҡ–пёҸ  1,вҷЁ  0
рҹӘЁ  1,рҹҢӘпёҸ  0,вңЁ  2,рҹ“–  1,рҹ‘ҒпёҸ  1,вҡ–пёҸ  2,вҷЁ  0
рҹӘЁ  1,рҹҢӘпёҸ  0,вңЁ  1,рҹ“–  2,рҹ‘ҒпёҸ  1,вҡ–пёҸ  2,вҷЁ  0
рҹӘЁ  1,рҹҢӘпёҸ  2,вңЁ  0,рҹ“–  2,рҹ‘ҒпёҸ  0,вҡ–пёҸ  2,вҷЁ  0
рҹӘЁ  0,рҹҢӘпёҸ  1,вңЁ  2,рҹ“–  2,рҹ‘ҒпёҸ  1,вҡ–пёҸ  2,вҷЁ  0
рҹӘЁ  1,рҹҢӘпёҸ  2,вңЁ  0,рҹ“–  1,рҹ‘ҒпёҸ  1,вҡ–пёҸ  2,вҷЁ  0
рҹӘЁ  1,рҹҢӘпёҸ  0,вңЁ  1,рҹ“–  2,рҹ‘ҒпёҸ  0,вҡ–пёҸ  1,вҷЁ  0
рҹӘЁ  1,рҹҢӘпёҸ  1,вңЁ  2,рҹ“–  0,рҹ‘ҒпёҸ  0,вҡ–пёҸ  1,вҷЁ  0
рҹӘЁ  0,рҹҢӘпёҸ  0,вңЁ  3,рҹ“–  2,рҹ‘ҒпёҸ  0,вҡ–пёҸ  2,вҷЁ  0
рҹӘЁ  1,рҹҢӘпёҸ  1,вңЁ  0,рҹ“–  1,рҹ‘ҒпёҸ  0,вҡ–пёҸ  1,вҷЁ  0
рҹӘЁ  1,рҹҢӘпёҸ  2,вңЁ  3,рҹ“–  0,рҹ‘ҒпёҸ  1,вҡ–пёҸ  2,вҷЁ  0
рҹӘЁ  1,рҹҢӘпёҸ  2,вңЁ  1,рҹ“–  3,рҹ‘ҒпёҸ  0,вҡ–пёҸ  2,вҷЁ  0
рҹӘЁ  0,рҹҢӘпёҸ  1,вңЁ  3,рҹ“–  2,рҹ‘ҒпёҸ  0,вҡ–пёҸ  2,вҷЁ  0
рҹӘЁ  0,рҹҢӘпёҸ  3,вңЁ  0,рҹ“–  2,рҹ‘ҒпёҸ  0,вҡ–пёҸ  2,вҷЁ  0
рҹӘЁ  1,рҹҢӘпёҸ  1,вңЁ  3,рҹ“–  1,рҹ‘ҒпёҸ  1,вҡ–пёҸ  2,вҷЁ  0
рҹӘЁ  0,рҹҢӘпёҸ  2,вңЁ  1,рҹ“–  2,рҹ‘ҒпёҸ  0,вҡ–пёҸ  2,вҷЁ  0
рҹӘЁ  0,рҹҢӘпёҸ  0,вңЁ  1,рҹ“–  0,рҹ‘ҒпёҸ  1,вҡ–пёҸ  1,вҷЁ  0
рҹӘЁ  1,рҹҢӘпёҸ  1,вңЁ  0,рҹ“–  2,рҹ‘ҒпёҸ  1,вҡ–пёҸ  2,вҷЁ  0
рҹӘЁ  2,рҹҢӘпёҸ  0,вңЁ  1,рҹ“–  1,рҹ‘ҒпёҸ  1,вҡ–пёҸ  2,вҷЁ  0
рҹӘЁ  0,рҹҢӘпёҸ  1,вңЁ  0,рҹ“–  3,рҹ‘ҒпёҸ  1,вҡ–пёҸ  2,вҷЁ  0
рҹӘЁ  1,рҹҢӘпёҸ  1,вңЁ  2,рҹ“–  0,рҹ‘ҒпёҸ  1,вҡ–пёҸ  2,вҷЁ  0
рҹӘЁ  0,рҹҢӘпёҸ  2,вңЁ  0,рҹ“–  2,рҹ‘ҒпёҸ  1,вҡ–пёҸ  2,вҷЁ  0
рҹӘЁ  0,рҹҢӘпёҸ  3,вңЁ  1,рҹ“–  1,рҹ‘ҒпёҸ  0,вҡ–пёҸ  2,вҷЁ  0
рҹӘЁ  0,рҹҢӘпёҸ  2,вңЁ  0,рҹ“–  3,рҹ‘ҒпёҸ  0,вҡ–пёҸ  2,вҷЁ  0
рҹӘЁ  1,рҹҢӘпёҸ  3,вңЁ  2,рҹ“–  1,рҹ‘ҒпёҸ  0,вҡ–пёҸ  2,вҷЁ  0
рҹӘЁ  1,рҹҢӘпёҸ  2,вңЁ  1,рҹ“–  3,рҹ‘ҒпёҸ  1,вҡ–пёҸ  3,вҷЁ  1
рҹӘЁ  1,рҹҢӘпёҸ  1,вңЁ  1,рҹ“–  2,рҹ‘ҒпёҸ  3,вҡ–пёҸ  3,вҷЁ  1
рҹӘЁ  0,рҹҢӘпёҸ  0,вңЁ  0,рҹ“–  2,рҹ‘ҒпёҸ  2,вҡ–пёҸ  2,вҷЁ  0
рҹӘЁ  1,рҹҢӘпёҸ  3,вңЁ  1,рҹ“–  0,рҹ‘ҒпёҸ  0,вҡ–пёҸ  2,вҷЁ  0
рҹӘЁ  1,рҹҢӘпёҸ  0,вңЁ  1,рҹ“–  1,рҹ‘ҒпёҸ  1,вҡ–пёҸ  1,вҷЁ  0
рҹӘЁ  1,рҹҢӘпёҸ  1,вңЁ  0,рҹ“–  1,рҹ‘ҒпёҸ  2,вҡ–пёҸ  2,вҷЁ  0
рҹӘЁ  2,рҹҢӘпёҸ  1,вңЁ  1,рҹ“–  2,рҹ‘ҒпёҸ  1,вҡ–пёҸ  2,вҷЁ  0
рҹӘЁ  1,рҹҢӘпёҸ  1,вңЁ  0,рҹ“–  1,рҹ‘ҒпёҸ  0,вҡ–пёҸ  1,вҷЁ  0
рҹӘЁ  1,рҹҢӘпёҸ  3,вңЁ  1,рҹ“–  3,рҹ‘ҒпёҸ  1,вҡ–пёҸ  3,вҷЁ  1
рҹӘЁ  0,рҹҢӘпёҸ  1,вңЁ  2,рҹ“–  2,рҹ‘ҒпёҸ  1,вҡ–пёҸ  2,вҷЁ  0
рҹӘЁ  1,рҹҢӘпёҸ  0,вңЁ  1,рҹ“–  0,рҹ‘ҒпёҸ  3,вҡ–пёҸ  2,вҷЁ  0
рҹӘЁ  1,рҹҢӘпёҸ  0,вңЁ  3,рҹ“–  0,рҹ‘ҒпёҸ  1,вҡ–пёҸ  2,вҷЁ  0
рҹӘЁ  1,рҹҢӘпёҸ  1,вңЁ  0,рҹ“–  3,рҹ‘ҒпёҸ  3,вҡ–пёҸ  3,вҷЁ  1
рҹӘЁ  1,рҹҢӘпёҸ  2,вңЁ  1,рҹ“–  1,рҹ‘ҒпёҸ  2,вҡ–пёҸ  2,вҷЁ  0
рҹӘЁ  1,рҹҢӘпёҸ  0,вңЁ  3,рҹ“–  0,рҹ‘ҒпёҸ  3,вҡ–пёҸ  3,вҷЁ  1
рҹӘЁ  0,рҹҢӘпёҸ  1,вңЁ  1,рҹ“–  2,рҹ‘ҒпёҸ  2,вҡ–пёҸ  2,вҷЁ  0
рҹӘЁ  1,рҹҢӘпёҸ  1,вңЁ  1,рҹ“–  2,рҹ‘ҒпёҸ  3,вҡ–пёҸ  3,вҷЁ  1
рҹӘЁ  2,рҹҢӘпёҸ  0,вңЁ  0,рҹ“–  2,рҹ‘ҒпёҸ  1,вҡ–пёҸ  2,вҷЁ  0
рҹӘЁ  1,рҹҢӘпёҸ  1,вңЁ  2,рҹ“–  1,рҹ‘ҒпёҸ  1,вҡ–пёҸ  2,вҷЁ  0
рҹӘЁ  1,рҹҢӘпёҸ  1,вңЁ  1,рҹ“–  1,рҹ‘ҒпёҸ  2,вҡ–пёҸ  2,вҷЁ  0
рҹӘЁ  1,рҹҢӘпёҸ  0,вңЁ  0,рҹ“–  1,рҹ‘ҒпёҸ  3,вҡ–пёҸ  2,вҷЁ  0
рҹӘЁ  0,рҹҢӘпёҸ  2,вңЁ  0,рҹ“–  1,рҹ‘ҒпёҸ  2,вҡ–пёҸ  2,вҷЁ  0
рҹӘЁ  1,рҹҢӘпёҸ  2,вңЁ  0,рҹ“–  2,рҹ‘ҒпёҸ  1,вҡ–пёҸ  2,вҷЁ  0
рҹӘЁ  1,рҹҢӘпёҸ  2,вңЁ  0,рҹ“–  2,рҹ‘ҒпёҸ  0,вҡ–пёҸ  2,вҷЁ  0
рҹӘЁ  0,рҹҢӘпёҸ  0,вңЁ  2,рҹ“–  0,рҹ‘ҒпёҸ  3,вҡ–пёҸ  2,вҷЁ  0
рҹӘЁ  1,рҹҢӘпёҸ  1,вңЁ  2,рҹ“–  3,рҹ‘ҒпёҸ  1,вҡ–пёҸ  3,вҷЁ  1
рҹӘЁ  0,рҹҢӘпёҸ  1,вңЁ  0,рҹ“–  1,рҹ‘ҒпёҸ  1,вҡ–пёҸ  1,вҷЁ  0
рҹӘЁ  0,рҹҢӘпёҸ  2,вңЁ  0,рҹ“–  2,рҹ‘ҒпёҸ  1,вҡ–пёҸ  2,вҷЁ  0
рҹӘЁ  0,рҹҢӘпёҸ  1,вңЁ  2,рҹ“–  3,рҹ‘ҒпёҸ  0,вҡ–пёҸ  2,вҷЁ  0
рҹӘЁ  1,рҹҢӘпёҸ  1,вңЁ  2,рҹ“–  0,рҹ‘ҒпёҸ  0,вҡ–пёҸ  1,вҷЁ  0
рҹӘЁ  2,рҹҢӘпёҸ  1,вңЁ  1,рҹ“–  2,рҹ‘ҒпёҸ  0,вҡ–пёҸ  2,вҷЁ  0
рҹӘЁ  0,рҹҢӘпёҸ  3,вңЁ  0,рҹ“–  1,рҹ‘ҒпёҸ  1,вҡ–пёҸ  2,вҷЁ  0
рҹӘЁ  0,рҹҢӘпёҸ  1,вңЁ  1,рҹ“–  2,рҹ‘ҒпёҸ  0,вҡ–пёҸ  1,вҷЁ  0
рҹӘЁ  0,рҹҢӘпёҸ  1,вңЁ  0,рҹ“–  1,рҹ‘ҒпёҸ  3,вҡ–пёҸ  2,вҷЁ  0
рҹӘЁ  2,рҹҢӘпёҸ  2,вңЁ  1,рҹ“–  1,рҹ‘ҒпёҸ  0,вҡ–пёҸ  2,вҷЁ  0
рҹӘЁ  0,рҹҢӘпёҸ  3,вңЁ  0,рҹ“–  3,рҹ‘ҒпёҸ  1,вҡ–пёҸ  3,вҷЁ  1
рҹӘЁ  0,рҹҢӘпёҸ  2,вңЁ  1,рҹ“–  1,рҹ‘ҒпёҸ  0,вҡ–пёҸ  1,вҷЁ  0
рҹӘЁ  1,рҹҢӘпёҸ  3,вңЁ  0,рҹ“–  1,рҹ‘ҒпёҸ  2,вҡ–пёҸ  2,вҷЁ  0
рҹӘЁ  0,рҹҢӘпёҸ  0,вңЁ  1,рҹ“–  1,рҹ‘ҒпёҸ  2,вҡ–пёҸ  1,вҷЁ  0
рҹӘЁ  1,рҹҢӘпёҸ  2,вңЁ  1,рҹ“–  0,рҹ‘ҒпёҸ  1,вҡ–пёҸ  2,вҷЁ  0
рҹӘЁ  2,рҹҢӘпёҸ  0,вңЁ  1,рҹ“–  1,рҹ‘ҒпёҸ  1,вҡ–пёҸ  2,вҷЁ  0
рҹӘЁ  1,рҹҢӘпёҸ  2,вңЁ  1,рҹ“–  1,рҹ‘ҒпёҸ  0,вҡ–пёҸ  2,вҷЁ  0
рҹӘЁ  2,рҹҢӘпёҸ  1,вңЁ  2,рҹ“–  1,рҹ‘ҒпёҸ  1,вҡ–пёҸ  2,вҷЁ  0
рҹӘЁ  0,рҹҢӘпёҸ  2,вңЁ  1,рҹ“–  0,рҹ‘ҒпёҸ  0,вҡ–пёҸ  1,вҷЁ  0
рҹӘЁ  1,рҹҢӘпёҸ  2,вңЁ  1,рҹ“–  2,рҹ‘ҒпёҸ  0,вҡ–пёҸ  2,вҷЁ  0
рҹӘЁ  0,рҹҢӘпёҸ  0,вңЁ  1,рҹ“–  1,рҹ‘ҒпёҸ  1,вҡ–пёҸ  1,вҷЁ  0
рҹӘЁ  2,рҹҢӘпёҸ  1,вңЁ  2,рҹ“–  0,рҹ‘ҒпёҸ  0,вҡ–пёҸ  2,вҷЁ  0
рҹӘЁ  0,рҹҢӘпёҸ  1,вңЁ  0,рҹ“–  3,рҹ‘ҒпёҸ  1,вҡ–пёҸ  2,вҷЁ  0
рҹӘЁ  0,рҹҢӘпёҸ  1,вңЁ  0,рҹ“–  1,рҹ‘ҒпёҸ  3,вҡ–пёҸ  2,вҷЁ  0
рҹӘЁ  2,рҹҢӘпёҸ  0,вңЁ  2,рҹ“–  1,рҹ‘ҒпёҸ  1,вҡ–пёҸ  2,вҷЁ  0
рҹӘЁ  1,рҹҢӘпёҸ  1,вңЁ  2,рҹ“–  3,рҹ‘ҒпёҸ  0,вҡ–пёҸ  2,вҷЁ  0
рҹӘЁ  2,рҹҢӘпёҸ  1,вңЁ  2,рҹ“–  0,рҹ‘ҒпёҸ  0,вҡ–пёҸ  2,вҷЁ  0
рҹӘЁ  1,рҹҢӘпёҸ  3,вңЁ  1,рҹ“–  2,рҹ‘ҒпёҸ  0,вҡ–пёҸ  2,вҷЁ  0
рҹӘЁ  0,рҹҢӘпёҸ  0,вңЁ  2,рҹ“–  1,рҹ‘ҒпёҸ  0,вҡ–пёҸ  1,вҷЁ  0
рҹӘЁ  1,рҹҢӘпёҸ  2,вңЁ  1,рҹ“–  2,рҹ‘ҒпёҸ  1,вҡ–пёҸ  2,вҷЁ  0
рҹӘЁ  0,рҹҢӘпёҸ  1,вңЁ  2,рҹ“–  2,рҹ‘ҒпёҸ  1,вҡ–пёҸ  2,вҷЁ  0
рҹӘЁ  1,рҹҢӘпёҸ  2,вңЁ  0,рҹ“–  0,рҹ‘ҒпёҸ  2,вҡ–пёҸ  2,вҷЁ  0
рҹӘЁ  1,рҹҢӘпёҸ  0,вңЁ  2,рҹ“–  2,рҹ‘ҒпёҸ  0,вҡ–пёҸ  2,вҷЁ  0
рҹӘЁ  3,рҹҢӘпёҸ  0,вңЁ  2,рҹ“–  0,рҹ‘ҒпёҸ  0,вҡ–пёҸ  2,вҷЁ  0
рҹӘЁ  0,рҹҢӘпёҸ  1,вңЁ  2,рҹ“–  0,рҹ‘ҒпёҸ  1,вҡ–пёҸ  1,вҷЁ  0
рҹӘЁ  0,рҹҢӘпёҸ  2,вңЁ  2,рҹ“–  1,рҹ‘ҒпёҸ  1,вҡ–пёҸ  2,вҷЁ  0
рҹӘЁ  1,рҹҢӘпёҸ  1,вңЁ  1,рҹ“–  1,рҹ‘ҒпёҸ  2,вҡ–пёҸ  2,вҷЁ  0
рҹӘЁ  2,рҹҢӘпёҸ  2,вңЁ  1,рҹ“–  1,рҹ‘ҒпёҸ  1,вҡ–пёҸ  2,вҷЁ  0
рҹӘЁ  2,рҹҢӘпёҸ  1,вңЁ  1,рҹ“–  0,рҹ‘ҒпёҸ  1,вҡ–пёҸ  2,вҷЁ  0
рҹӘЁ  3,рҹҢӘпёҸ  0,вңЁ  1,рҹ“–  3,рҹ‘ҒпёҸ  1,вҡ–пёҸ  3,вҷЁ  1
рҹӘЁ  1,рҹҢӘпёҸ  1,вңЁ  3,рҹ“–  0,рҹ‘ҒпёҸ  2,вҡ–пёҸ  2,вҷЁ  0
рҹӘЁ  1,рҹҢӘпёҸ  0,вңЁ  2,рҹ“–  1,рҹ‘ҒпёҸ  1,вҡ–пёҸ  2,вҷЁ  0
рҹӘЁ  1,рҹҢӘпёҸ  3,вңЁ  1,рҹ“–  1,рҹ‘ҒпёҸ  1,вҡ–пёҸ  2,вҷЁ  0
рҹӘЁ  1,рҹҢӘпёҸ  0,вңЁ  1,рҹ“–  2,рҹ‘ҒпёҸ  1,вҡ–пёҸ  2,вҷЁ  0
рҹӘЁ  1,рҹҢӘпёҸ  1,вңЁ  0,рҹ“–  1,рҹ‘ҒпёҸ  0,вҡ–пёҸ  1,вҷЁ  0
рҹӘЁ  2,рҹҢӘпёҸ  0,вңЁ  2,рҹ“–  1,рҹ‘ҒпёҸ  1,вҡ–пёҸ  2,вҷЁ  0
рҹӘЁ  0,рҹҢӘпёҸ  3,вңЁ  1,рҹ“–  1,рҹ‘ҒпёҸ  1,вҡ–пёҸ  2,вҷЁ  0
рҹӘЁ  1,рҹҢӘпёҸ  1,вңЁ  0,рҹ“–  2,рҹ‘ҒпёҸ  3,вҡ–пёҸ  2,вҷЁ  0
рҹӘЁ  2,рҹҢӘпёҸ  0,вңЁ  3,рҹ“–  0,рҹ‘ҒпёҸ  0,вҡ–пёҸ  2,вҷЁ  0
рҹӘЁ  2,рҹҢӘпёҸ  1,вңЁ  0,рҹ“–  0,рҹ‘ҒпёҸ  1,вҡ–пёҸ  1,вҷЁ  0
рҹӘЁ  0,рҹҢӘпёҸ  1,вңЁ  1,рҹ“–  1,рҹ‘ҒпёҸ  2,вҡ–пёҸ  2,вҷЁ  0
рҹӘЁ  0,рҹҢӘпёҸ  3,вңЁ  2,рҹ“–  0,рҹ‘ҒпёҸ  0,вҡ–пёҸ  2,вҷЁ  0
рҹӘЁ  1,рҹҢӘпёҸ  1,вңЁ  1,рҹ“–  3,рҹ‘ҒпёҸ  0,вҡ–пёҸ  2,вҷЁ  0
рҹӘЁ  0,рҹҢӘпёҸ  2,вңЁ  1,рҹ“–  1,рҹ‘ҒпёҸ  0,вҡ–пёҸ  1,вҷЁ  0
рҹӘЁ  0,рҹҢӘпёҸ  1,вңЁ  0,рҹ“–  2,рҹ‘ҒпёҸ  3,вҡ–пёҸ  2,вҷЁ  0
рҹӘЁ  0,рҹҢӘпёҸ  3,вңЁ  1,рҹ“–  1,рҹ‘ҒпёҸ  0,вҡ–пёҸ  2,вҷЁ  0
рҹӘЁ  2,рҹҢӘпёҸ  1,вңЁ  3,рҹ“–  0,рҹ‘ҒпёҸ  0,вҡ–пёҸ  2,вҷЁ  0
рҹӘЁ  3,рҹҢӘпёҸ  1,вңЁ  1,рҹ“–  0,рҹ‘ҒпёҸ  2,вҡ–пёҸ  2,вҷЁ  0
рҹӘЁ  0,рҹҢӘпёҸ  1,вңЁ  1,рҹ“–  1,рҹ‘ҒпёҸ  1,вҡ–пёҸ  1,вҷЁ  0
рҹӘЁ  3,рҹҢӘпёҸ  0,вңЁ  0,рҹ“–  1,рҹ‘ҒпёҸ  1,вҡ–пёҸ  2,вҷЁ  0
рҹӘЁ  0,рҹҢӘпёҸ  0,вңЁ  2,рҹ“–  2,рҹ‘ҒпёҸ  1,вҡ–пёҸ  2,вҷЁ  0
рҹӘЁ  0,рҹҢӘпёҸ  0,вңЁ  0,рҹ“–  1,рҹ‘ҒпёҸ  3,вҡ–пёҸ  2,вҷЁ  0
рҹӘЁ  2,рҹҢӘпёҸ  2,вңЁ  0,рҹ“–  1,рҹ‘ҒпёҸ  0,вҡ–пёҸ  2,вҷЁ  0
рҹӘЁ  1,рҹҢӘпёҸ  1,вңЁ  1,рҹ“–  1,рҹ‘ҒпёҸ  0,вҡ–пёҸ  1,вҷЁ  0
рҹӘЁ  1,рҹҢӘпёҸ  1,вңЁ  0,рҹ“–  0,рҹ‘ҒпёҸ  1,вҡ–пёҸ  1,вҷЁ  0
рҹӘЁ  2,рҹҢӘпёҸ  0,вңЁ  0,рҹ“–  3,рҹ‘ҒпёҸ  1,вҡ–пёҸ  2,вҷЁ  0
рҹӘЁ  0,рҹҢӘпёҸ  0,вңЁ  0,рҹ“–  3,рҹ‘ҒпёҸ  1,вҡ–пёҸ  2,вҷЁ  0
рҹӘЁ  1,рҹҢӘпёҸ  1,вңЁ  1,рҹ“–  0,рҹ‘ҒпёҸ  0,вҡ–пёҸ  1,вҷЁ  0
рҹӘЁ  1,рҹҢӘпёҸ  2,вңЁ  1,рҹ“–  0,рҹ‘ҒпёҸ  2,вҡ–пёҸ  2,вҷЁ  0
рҹӘЁ  1,рҹҢӘпёҸ  2,вңЁ  0,рҹ“–  2,рҹ‘ҒпёҸ  0,вҡ–пёҸ  2,вҷЁ  0
рҹӘЁ  0,рҹҢӘпёҸ  1,вңЁ  0,рҹ“–  0,рҹ‘ҒпёҸ  2,вҡ–пёҸ  1,вҷЁ  0
рҹӘЁ  3,рҹҢӘпёҸ  1,вңЁ  0,рҹ“–  0,рҹ‘ҒпёҸ  0,вҡ–пёҸ  2,вҷЁ  0
рҹӘЁ  2,рҹҢӘпёҸ  1,вңЁ  2,рҹ“–  0,рҹ‘ҒпёҸ  1,вҡ–пёҸ  2,вҷЁ  0
рҹӘЁ  2,рҹҢӘпёҸ  0,вңЁ  2,рҹ“–  0,рҹ‘ҒпёҸ  0,вҡ–пёҸ  2,вҷЁ  0
рҹӘЁ  0,рҹҢӘпёҸ  1,вңЁ  2,рҹ“–  1,рҹ‘ҒпёҸ  2,вҡ–пёҸ  2,вҷЁ  0
рҹӘЁ  1,рҹҢӘпёҸ  2,вңЁ  0,рҹ“–  3,рҹ‘ҒпёҸ  0,вҡ–пёҸ  2,вҷЁ  0
рҹӘЁ  0,рҹҢӘпёҸ  0,вңЁ  2,рҹ“–  3,рҹ‘ҒпёҸ  1,вҡ–пёҸ  2,вҷЁ  0
рҹӘЁ  1,рҹҢӘпёҸ  1,вңЁ  1,рҹ“–  2,рҹ‘ҒпёҸ  1,вҡ–пёҸ  2,вҷЁ  0
рҹӘЁ  1,рҹҢӘпёҸ  1,вңЁ  1,рҹ“–  1,рҹ‘ҒпёҸ  2,вҡ–пёҸ  2,вҷЁ  0
рҹӘЁ  1,рҹҢӘпёҸ  1,вңЁ  2,рҹ“–  0,рҹ‘ҒпёҸ  2,вҡ–пёҸ  2,вҷЁ  0
рҹӘЁ  1,рҹҢӘпёҸ  0,вңЁ  2,рҹ“–  1,рҹ‘ҒпёҸ  1,вҡ–пёҸ  2,вҷЁ  0
рҹӘЁ  0,рҹҢӘпёҸ  3,вңЁ  1,рҹ“–  1,рҹ‘ҒпёҸ  3,вҡ–пёҸ  3,вҷЁ  1
рҹӘЁ  1,рҹҢӘпёҸ  2,вңЁ  3,рҹ“–  1,рҹ‘ҒпёҸ  1,вҡ–пёҸ  3,вҷЁ  1
рҹӘЁ  0,рҹҢӘпёҸ  1,вңЁ  0,рҹ“–  3,рҹ‘ҒпёҸ  3,вҡ–пёҸ  3,вҷЁ  1
рҹӘЁ  1,рҹҢӘпёҸ  3,вңЁ  0,рҹ“–  2,рҹ‘ҒпёҸ  1,вҡ–пёҸ  2,вҷЁ  0
рҹӘЁ  0,рҹҢӘпёҸ  1,вңЁ  2,рҹ“–  0,рҹ‘ҒпёҸ  2,вҡ–пёҸ  2,вҷЁ  0
рҹӘЁ  1,рҹҢӘпёҸ  2,вңЁ  0,рҹ“–  1,рҹ‘ҒпёҸ  1,вҡ–пёҸ  2,вҷЁ  0
рҹӘЁ  0,рҹҢӘпёҸ  0,вңЁ  2,рҹ“–  0,рҹ‘ҒпёҸ  2,вҡ–пёҸ  2,вҷЁ  0
рҹӘЁ  1,рҹҢӘпёҸ  0,вңЁ  1,рҹ“–  0,рҹ‘ҒпёҸ  1,вҡ–пёҸ  1,вҷЁ  0
рҹӘЁ  3,рҹҢӘпёҸ  2,вңЁ  0,рҹ“–  1,рҹ‘ҒпёҸ  1,вҡ–пёҸ  2,вҷЁ  0
рҹӘЁ  1,рҹҢӘпёҸ  2,вңЁ  1,рҹ“–  2,рҹ‘ҒпёҸ  0,вҡ–пёҸ  2,вҷЁ  0
рҹӘЁ  1,рҹҢӘпёҸ  1,вңЁ  0,рҹ“–  3,рҹ‘ҒпёҸ  1,вҡ–пёҸ  2,вҷЁ  0
рҹӘЁ  1,рҹҢӘпёҸ  0,вңЁ  2,рҹ“–  0,рҹ‘ҒпёҸ  0,вҡ–пёҸ  1,вҷЁ  0
рҹӘЁ  2,рҹҢӘпёҸ  2,вңЁ  1,рҹ“–  1,рҹ‘ҒпёҸ  0,вҡ–пёҸ  2,вҷЁ  0
рҹӘЁ  1,рҹҢӘпёҸ  3,вңЁ  1,рҹ“–  1,рҹ‘ҒпёҸ  2,вҡ–пёҸ  3,вҷЁ  1
рҹӘЁ  0,рҹҢӘпёҸ  0,вңЁ  2,рҹ“–  2,рҹ‘ҒпёҸ  1,вҡ–пёҸ  2,вҷЁ  0
рҹӘЁ  0,рҹҢӘпёҸ  3,вңЁ  2,рҹ“–  0,рҹ‘ҒпёҸ  1,вҡ–пёҸ  2,вҷЁ  0
рҹӘЁ  0,рҹҢӘпёҸ  1,вңЁ  0,рҹ“–  1,рҹ‘ҒпёҸ  2,вҡ–пёҸ  1,вҷЁ  0
рҹӘЁ  1,рҹҢӘпёҸ  1,вңЁ  1,рҹ“–  1,рҹ‘ҒпёҸ  1,вҡ–пёҸ  1,вҷЁ  0
рҹӘЁ  2,рҹҢӘпёҸ  1,вңЁ  1,рҹ“–  2,рҹ‘ҒпёҸ  0,вҡ–пёҸ  2,вҷЁ  0
рҹӘЁ  0,рҹҢӘпёҸ  1,вңЁ  2,рҹ“–  1,рҹ‘ҒпёҸ  1,вҡ–пёҸ  2,вҷЁ  0
рҹӘЁ  1,рҹҢӘпёҸ  0,вңЁ  2,рҹ“–  2,рҹ‘ҒпёҸ  1,вҡ–пёҸ  2,вҷЁ  0
рҹӘЁ  3,рҹҢӘпёҸ  1,вңЁ  0,рҹ“–  0,рҹ‘ҒпёҸ  2,вҡ–пёҸ  2,вҷЁ  0
рҹӘЁ  1,рҹҢӘпёҸ  2,вңЁ  1,рҹ“–  2,рҹ‘ҒпёҸ  0,вҡ–пёҸ  2,вҷЁ  0
рҹӘЁ  2,рҹҢӘпёҸ  0,вңЁ  2,рҹ“–  0,рҹ‘ҒпёҸ  1,вҡ–пёҸ  2,вҷЁ  0
рҹӘЁ  0,рҹҢӘпёҸ  1,вңЁ  1,рҹ“–  3,рҹ‘ҒпёҸ  1,вҡ–пёҸ  2,вҷЁ  0
рҹӘЁ  0,рҹҢӘпёҸ  3,вңЁ  2,рҹ“–  0,рҹ‘ҒпёҸ  1,вҡ–пёҸ  2,вҷЁ  0
рҹӘЁ  1,рҹҢӘпёҸ  2,вңЁ  1,рҹ“–  1,рҹ‘ҒпёҸ  1,вҡ–пёҸ  2,вҷЁ  0
рҹӘЁ  0,рҹҢӘпёҸ  0,вңЁ  2,рҹ“–  2,рҹ‘ҒпёҸ  0,вҡ–пёҸ  2,вҷЁ  0
рҹӘЁ  1,рҹҢӘпёҸ  3,вңЁ  1,рҹ“–  2,рҹ‘ҒпёҸ  1,вҡ–пёҸ  3,вҷЁ  1
рҹӘЁ  3,рҹҢӘпёҸ  0,вңЁ  0,рҹ“–  1,рҹ‘ҒпёҸ  2,вҡ–пёҸ  2,вҷЁ  0
рҹӘЁ  2,рҹҢӘпёҸ  0,вңЁ  2,рҹ“–  0,рҹ‘ҒпёҸ  0,вҡ–пёҸ  2,вҷЁ  0
рҹӘЁ  2,рҹҢӘпёҸ  0,вңЁ  0,рҹ“–  1,рҹ‘ҒпёҸ  0,вҡ–пёҸ  1,вҷЁ  0
рҹӘЁ  1,рҹҢӘпёҸ  2,вңЁ  0,рҹ“–  1,рҹ‘ҒпёҸ  2,вҡ–пёҸ  2,вҷЁ  0
рҹӘЁ  2,рҹҢӘпёҸ  1,вңЁ  3,рҹ“–  0,рҹ‘ҒпёҸ  1,вҡ–пёҸ  2,вҷЁ  0
рҹӘЁ  0,рҹҢӘпёҸ  1,вңЁ  2,рҹ“–  0,рҹ‘ҒпёҸ  3,вҡ–пёҸ  2,вҷЁ  0
рҹӘЁ  0,рҹҢӘпёҸ  3,вңЁ  0,рҹ“–  2,рҹ‘ҒпёҸ  0,вҡ–пёҸ  2,вҷЁ  0
рҹӘЁ  3,рҹҢӘпёҸ  1,вңЁ  1,рҹ“–  2,рҹ‘ҒпёҸ  1,вҡ–пёҸ  3,вҷЁ  1
рҹӘЁ  2,рҹҢӘпёҸ  1,вңЁ  3,рҹ“–  1,рҹ‘ҒпёҸ  1,вҡ–пёҸ  3,вҷЁ  1
рҹӘЁ  0,рҹҢӘпёҸ  0,вңЁ  2,рҹ“–  2,рҹ‘ҒпёҸ  1,вҡ–пёҸ  2,вҷЁ  0
рҹӘЁ  1,рҹҢӘпёҸ  0,вңЁ  0,рҹ“–  0,рҹ‘ҒпёҸ  3,вҡ–пёҸ  2,вҷЁ  0
рҹӘЁ  3,рҹҢӘпёҸ  0,вңЁ  1,рҹ“–  0,рҹ‘ҒпёҸ  0,вҡ–пёҸ  2,вҷЁ  0
рҹӘЁ  0,рҹҢӘпёҸ  1,вңЁ  2,рҹ“–  3,рҹ‘ҒпёҸ  1,вҡ–пёҸ  2,вҷЁ  0
рҹӘЁ  0,рҹҢӘпёҸ  2,вңЁ  0,рҹ“–  2,рҹ‘ҒпёҸ  0,вҡ–пёҸ  2,вҷЁ  0
рҹӘЁ  1,рҹҢӘпёҸ  3,вңЁ  1,рҹ“–  0,рҹ‘ҒпёҸ  2,вҡ–пёҸ  2,вҷЁ  0
рҹӘЁ  3,рҹҢӘпёҸ  2,вңЁ  1,рҹ“–  0,рҹ‘ҒпёҸ  1,вҡ–пёҸ  2,вҷЁ  0
рҹӘЁ  2,рҹҢӘпёҸ  0,вңЁ  3,рҹ“–  0,рҹ‘ҒпёҸ  1,вҡ–пёҸ  2,вҷЁ  0
рҹӘЁ  3,рҹҢӘпёҸ  1,вңЁ  1,рҹ“–  1,рҹ‘ҒпёҸ  0,вҡ–пёҸ  2,вҷЁ  0
рҹӘЁ  0,рҹҢӘпёҸ  1,вңЁ  1,рҹ“–  0,рҹ‘ҒпёҸ  1,вҡ–пёҸ  1,вҷЁ  0
рҹӘЁ  1,рҹҢӘпёҸ  1,вңЁ  3,рҹ“–  1,рҹ‘ҒпёҸ  0,вҡ–пёҸ  2,вҷЁ  0
рҹӘЁ  0,рҹҢӘпёҸ  1,вңЁ  3,рҹ“–  1,рҹ‘ҒпёҸ  1,вҡ–пёҸ  2,вҷЁ  0
рҹӘЁ  0,рҹҢӘпёҸ  3,вңЁ  0,рҹ“–  0,рҹ‘ҒпёҸ  2,вҡ–пёҸ  2,вҷЁ  0
рҹӘЁ  0,рҹҢӘпёҸ  3,вңЁ  2,рҹ“–  0,рҹ‘ҒпёҸ  1,вҡ–пёҸ  2,вҷЁ  0
рҹӘЁ  0,рҹҢӘпёҸ  1,вңЁ  3,рҹ“–  0,рҹ‘ҒпёҸ  1,вҡ–пёҸ  2,вҷЁ  0
рҹӘЁ  0,рҹҢӘпёҸ  1,вңЁ  1,рҹ“–  2,рҹ‘ҒпёҸ  0,вҡ–пёҸ  1,вҷЁ  0
рҹӘЁ  0,рҹҢӘпёҸ  1,вңЁ  0,рҹ“–  2,рҹ‘ҒпёҸ  1,вҡ–пёҸ  1,вҷЁ  0
рҹӘЁ  1,рҹҢӘпёҸ  2,вңЁ  1,рҹ“–  2,рҹ‘ҒпёҸ  0,вҡ–пёҸ  2,вҷЁ  0
рҹӘЁ  2,рҹҢӘпёҸ  0,вңЁ  0,рҹ“–  1,рҹ‘ҒпёҸ  2,вҡ–пёҸ  2,вҷЁ  0
рҹӘЁ  1,рҹҢӘпёҸ  2,вңЁ  3,рҹ“–  0,рҹ‘ҒпёҸ  0,вҡ–пёҸ  2,вҷЁ  0
рҹӘЁ  1,рҹҢӘпёҸ  0,вңЁ  1,рҹ“–  1,рҹ‘ҒпёҸ  2,вҡ–пёҸ  2,вҷЁ  0
рҹӘЁ  0,рҹҢӘпёҸ  1,вңЁ  2,рҹ“–  0,рҹ‘ҒпёҸ  1,вҡ–пёҸ  1,вҷЁ  0
рҹӘЁ  1,рҹҢӘпёҸ  0,вңЁ  2,рҹ“–  3,рҹ‘ҒпёҸ  1,вҡ–пёҸ  2,вҷЁ  0
рҹӘЁ  2,рҹҢӘпёҸ  2,вңЁ  0,рҹ“–  0,рҹ‘ҒпёҸ  0,вҡ–пёҸ  2,вҷЁ  0
рҹӘЁ  0,рҹҢӘпёҸ  0,вңЁ  2,рҹ“–  0,рҹ‘ҒпёҸ  2,вҡ–пёҸ  2,вҷЁ  0
рҹӘЁ  1,рҹҢӘпёҸ  1,вңЁ  1,рҹ“–  2,рҹ‘ҒпёҸ  2,вҡ–пёҸ  2,вҷЁ  0
рҹӘЁ  0,рҹҢӘпёҸ  2,вңЁ  1,рҹ“–  1,рҹ‘ҒпёҸ  0,вҡ–пёҸ  1,вҷЁ  0
рҹӘЁ  0,рҹҢӘпёҸ  1,вңЁ  0,рҹ“–  0,рҹ‘ҒпёҸ  2,вҡ–пёҸ  1,вҷЁ  0
рҹӘЁ  0,рҹҢӘпёҸ  1,вңЁ  3,рҹ“–  1,рҹ‘ҒпёҸ  1,вҡ–пёҸ  2,вҷЁ  0
рҹӘЁ  2,рҹҢӘпёҸ  3,вңЁ  1,рҹ“–  0,рҹ‘ҒпёҸ  1,вҡ–пёҸ  2,вҷЁ  0
рҹӘЁ  0,рҹҢӘпёҸ  2,вңЁ  1,рҹ“–  1,рҹ‘ҒпёҸ  1,вҡ–пёҸ  2,вҷЁ  0
рҹӘЁ  0,рҹҢӘпёҸ  1,вңЁ  1,рҹ“–  2,рҹ‘ҒпёҸ  1,вҡ–пёҸ  2,вҷЁ  0
рҹӘЁ  1,рҹҢӘпёҸ  3,вңЁ  0,рҹ“–  0,рҹ‘ҒпёҸ  1,вҡ–пёҸ  2,вҷЁ  0
рҹӘЁ  0,рҹҢӘпёҸ  2,вңЁ  0,рҹ“–  2,рҹ‘ҒпёҸ  0,вҡ–пёҸ  2,вҷЁ  0
рҹӘЁ  3,рҹҢӘпёҸ  1,вңЁ  2,рҹ“–  0,рҹ‘ҒпёҸ  0,вҡ–пёҸ  2,вҷЁ  0
рҹӘЁ  3,рҹҢӘпёҸ  1,вңЁ  1,рҹ“–  1,рҹ‘ҒпёҸ  1,вҡ–пёҸ  2,вҷЁ  0
рҹӘЁ  1,рҹҢӘпёҸ  2,вңЁ  2,рҹ“–  0,рҹ‘ҒпёҸ  0,вҡ–пёҸ  2,вҷЁ  0
рҹӘЁ  0,рҹҢӘпёҸ  2,вңЁ  1,рҹ“–  1,рҹ‘ҒпёҸ  0,вҡ–пёҸ  1,вҷЁ  0
рҹӘЁ  0,рҹҢӘпёҸ  3,вңЁ  1,рҹ“–  0,рҹ‘ҒпёҸ  3,вҡ–пёҸ  3,вҷЁ  1
рҹӘЁ  2,рҹҢӘпёҸ  2,вңЁ  0,рҹ“–  0,рҹ‘ҒпёҸ  1,вҡ–пёҸ  2,вҷЁ  0
рҹӘЁ  1,рҹҢӘпёҸ  2,вңЁ  1,рҹ“–  0,рҹ‘ҒпёҸ  1,вҡ–пёҸ  2,вҷЁ  0
рҹӘЁ  0,рҹҢӘпёҸ  1,вңЁ  2,рҹ“–  1,рҹ‘ҒпёҸ  1,вҡ–пёҸ  2,вҷЁ  0
рҹӘЁ  1,рҹҢӘпёҸ  1,вңЁ  2,рҹ“–  1,рҹ‘ҒпёҸ  1,вҡ–пёҸ  2,вҷЁ  0
рҹӘЁ  1,рҹҢӘпёҸ  1,вңЁ  2,рҹ“–  1,рҹ‘ҒпёҸ  1,вҡ–пёҸ  2,вҷЁ  0
рҹӘЁ  1,рҹҢӘпёҸ  2,вңЁ  1,рҹ“–  2,рҹ‘ҒпёҸ  0,вҡ–пёҸ  2,вҷЁ  0
рҹӘЁ  1,рҹҢӘпёҸ  2,вңЁ  0,рҹ“–  0,рҹ‘ҒпёҸ  1,вҡ–пёҸ  1,вҷЁ  0
рҹӘЁ  2,рҹҢӘпёҸ  0,вңЁ  2,рҹ“–  0,рҹ‘ҒпёҸ  1,вҡ–пёҸ  2,вҷЁ  0
рҹӘЁ  2,рҹҢӘпёҸ  1,вңЁ  2,рҹ“–  0,рҹ‘ҒпёҸ  0,вҡ–пёҸ  2,вҷЁ  0
рҹӘЁ  1,рҹҢӘпёҸ  1,вңЁ  0,рҹ“–  1,рҹ‘ҒпёҸ  1,вҡ–пёҸ  1,вҷЁ  0
рҹӘЁ  1,рҹҢӘпёҸ  1,вңЁ  3,рҹ“–  3,рҹ‘ҒпёҸ  0,вҡ–пёҸ  3,вҷЁ  1
рҹӘЁ  1,рҹҢӘпёҸ  0,вңЁ  1,рҹ“–  0,рҹ‘ҒпёҸ  1,вҡ–пёҸ  1,вҷЁ  0
рҹӘЁ  0,рҹҢӘпёҸ  0,вңЁ  1,рҹ“–  2,рҹ‘ҒпёҸ  0,вҡ–пёҸ  1,вҷЁ  0
рҹӘЁ  0,рҹҢӘпёҸ  0,вңЁ  0,рҹ“–  3,рҹ‘ҒпёҸ  2,вҡ–пёҸ  2,вҷЁ  0
рҹӘЁ  2,рҹҢӘпёҸ  0,вңЁ  2,рҹ“–  0,рҹ‘ҒпёҸ  1,вҡ–пёҸ  2,вҷЁ  0
рҹӘЁ  2,рҹҢӘпёҸ  1,вңЁ  0,рҹ“–  2,рҹ‘ҒпёҸ  0,вҡ–пёҸ  2,вҷЁ  0
рҹӘЁ  0,рҹҢӘпёҸ  2,вңЁ  0,рҹ“–  1,рҹ‘ҒпёҸ  2,вҡ–пёҸ  2,вҷЁ  0
рҹӘЁ  1,рҹҢӘпёҸ  0,вңЁ  1,рҹ“–  1,рҹ‘ҒпёҸ  2,вҡ–пёҸ  2,вҷЁ  0
рҹӘЁ  0,рҹҢӘпёҸ  1,вңЁ  3,рҹ“–  0,рҹ‘ҒпёҸ  1,вҡ–пёҸ  2,вҷЁ  0
рҹӘЁ  1,рҹҢӘпёҸ  1,вңЁ  1,рҹ“–  2,рҹ‘ҒпёҸ  1,вҡ–пёҸ  2,вҷЁ  0
рҹӘЁ  2,рҹҢӘпёҸ  1,вңЁ  1,рҹ“–  0,рҹ‘ҒпёҸ  1,вҡ–пёҸ  2,вҷЁ  0
рҹӘЁ  0,рҹҢӘпёҸ  3,вңЁ  0,рҹ“–  1,рҹ‘ҒпёҸ  1,вҡ–пёҸ  2,вҷЁ  0
рҹӘЁ  1,рҹҢӘпёҸ  3,вңЁ  1,рҹ“–  3,рҹ‘ҒпёҸ  0,вҡ–пёҸ  3,вҷЁ  1
рҹӘЁ  0,рҹҢӘпёҸ  1,вңЁ  2,рҹ“–  1,рҹ‘ҒпёҸ  3,вҡ–пёҸ  2,вҷЁ  0
рҹӘЁ  2,рҹҢӘпёҸ  0,вңЁ  1,рҹ“–  1,рҹ‘ҒпёҸ  2,вҡ–пёҸ  2,вҷЁ  0
рҹӘЁ  1,рҹҢӘпёҸ  1,вңЁ  0,рҹ“–  1,рҹ‘ҒпёҸ  0,вҡ–пёҸ  1,вҷЁ  0
рҹӘЁ  0,рҹҢӘпёҸ  1,вңЁ  3,рҹ“–  1,рҹ‘ҒпёҸ  2,вҡ–пёҸ  2,вҷЁ  0
рҹӘЁ  1,рҹҢӘпёҸ  0,вңЁ  0,рҹ“–  2,рҹ‘ҒпёҸ  1,вҡ–пёҸ  1,вҷЁ  0
рҹӘЁ  1,рҹҢӘпёҸ  2,вңЁ  1,рҹ“–  1,рҹ‘ҒпёҸ  1,вҡ–пёҸ  2,вҷЁ  0
рҹӘЁ  1,рҹҢӘпёҸ  2,вңЁ  0,рҹ“–  1,рҹ‘ҒпёҸ  3,вҡ–пёҸ  2,вҷЁ  0
рҹӘЁ  1,рҹҢӘпёҸ  1,вңЁ  0,рҹ“–  2,рҹ‘ҒпёҸ  1,вҡ–пёҸ  2,вҷЁ  0
рҹӘЁ  0,рҹҢӘпёҸ  1,вңЁ  1,рҹ“–  3,рҹ‘ҒпёҸ  1,вҡ–пёҸ  2,вҷЁ  0
рҹӘЁ  1,рҹҢӘпёҸ  0,вңЁ  0,рҹ“–  1,рҹ‘ҒпёҸ  1,вҡ–пёҸ  1,вҷЁ  0
рҹӘЁ  2,рҹҢӘпёҸ  1,вңЁ  0,рҹ“–  0,рҹ‘ҒпёҸ  1,вҡ–пёҸ  1,вҷЁ  0
рҹӘЁ  2,рҹҢӘпёҸ  1,вңЁ  0,рҹ“–  1,рҹ‘ҒпёҸ  0,вҡ–пёҸ  1,вҷЁ  0
рҹӘЁ  3,рҹҢӘпёҸ  0,вңЁ  0,рҹ“–  0,рҹ‘ҒпёҸ  2,вҡ–пёҸ  2,вҷЁ  0
рҹӘЁ  0,рҹҢӘпёҸ  1,вңЁ  2,рҹ“–  1,рҹ‘ҒпёҸ  0,вҡ–пёҸ  1,вҷЁ  0
рҹӘЁ  1,рҹҢӘпёҸ  0,вңЁ  2,рҹ“–  1,рҹ‘ҒпёҸ  3,вҡ–пёҸ  2,вҷЁ  0
рҹӘЁ  0,рҹҢӘпёҸ  0,вңЁ  2,рҹ“–  3,рҹ‘ҒпёҸ  1,вҡ–пёҸ  2,вҷЁ  0
рҹӘЁ  1,рҹҢӘпёҸ  0,вңЁ  2,рҹ“–  0,рҹ‘ҒпёҸ  2,вҡ–пёҸ  2,вҷЁ  0
рҹӘЁ  1,рҹҢӘпёҸ  1,вңЁ  0,рҹ“–  2,рҹ‘ҒпёҸ  3,вҡ–пёҸ  2,вҷЁ  0
рҹӘЁ  0,рҹҢӘпёҸ  0,вңЁ  1,рҹ“–  2,рҹ‘ҒпёҸ  2,вҡ–пёҸ  2,вҷЁ  0
рҹӘЁ  0,рҹҢӘпёҸ  1,вңЁ  1,рҹ“–  0,рҹ‘ҒпёҸ  0,вҡ–пёҸ  1,вҷЁ  0
рҹӘЁ  0,рҹҢӘпёҸ  2,вңЁ  0,рҹ“–  1,рҹ‘ҒпёҸ  2,вҡ–пёҸ  2,вҷЁ  0
рҹӘЁ  0,рҹҢӘпёҸ  0,вңЁ  2,рҹ“–  2,рҹ‘ҒпёҸ  1,вҡ–пёҸ  2,вҷЁ  0
рҹӘЁ  0,рҹҢӘпёҸ  3,вңЁ  0,рҹ“–  1,рҹ‘ҒпёҸ  1,вҡ–пёҸ  2,вҷЁ  0
рҹӘЁ  1,рҹҢӘпёҸ  1,вңЁ  0,рҹ“–  3,рҹ‘ҒпёҸ  2,вҡ–пёҸ  2,вҷЁ  0
рҹӘЁ  2,рҹҢӘпёҸ  3,вңЁ  0,рҹ“–  1,рҹ‘ҒпёҸ  1,вҡ–пёҸ  2,вҷЁ  0
рҹӘЁ  1,рҹҢӘпёҸ  0,вңЁ  1,рҹ“–  2,рҹ‘ҒпёҸ  2,вҡ–пёҸ  2,вҷЁ  0
рҹӘЁ  1,рҹҢӘпёҸ  1,вңЁ  1,рҹ“–  3,рҹ‘ҒпёҸ  1,вҡ–пёҸ  2,вҷЁ  0
рҹӘЁ  1,рҹҢӘпёҸ  0,вңЁ  1,рҹ“–  2,рҹ‘ҒпёҸ  3,вҡ–пёҸ  2,вҷЁ  0
рҹӘЁ  2,рҹҢӘпёҸ  1,вңЁ  1,рҹ“–  2,рҹ‘ҒпёҸ  0,вҡ–пёҸ  2,вҷЁ  0
рҹӘЁ  0,рҹҢӘпёҸ  3,вңЁ  3,рҹ“–  0,рҹ‘ҒпёҸ  1,вҡ–пёҸ  3,вҷЁ  1
рҹӘЁ  0,рҹҢӘпёҸ  1,вңЁ  3,рҹ“–  1,рҹ‘ҒпёҸ  3,вҡ–пёҸ  3,вҷЁ  1
рҹӘЁ  0,рҹҢӘпёҸ  1,вңЁ  2,рҹ“–  2,рҹ‘ҒпёҸ  1,вҡ–пёҸ  2,вҷЁ  0
рҹӘЁ  0,рҹҢӘпёҸ  1,вңЁ  0,рҹ“–  0,рҹ‘ҒпёҸ  2,вҡ–пёҸ  1,вҷЁ  0
рҹӘЁ  0,рҹҢӘпёҸ  3,вңЁ  3,рҹ“–  0,рҹ‘ҒпёҸ  1,вҡ–пёҸ  3,вҷЁ  1
рҹӘЁ  1,рҹҢӘпёҸ  2,вңЁ  1,рҹ“–  0,рҹ‘ҒпёҸ  3,вҡ–пёҸ  2,вҷЁ  0
рҹӘЁ  1,рҹҢӘпёҸ  0,вңЁ  2,рҹ“–  0,рҹ‘ҒпёҸ  1,вҡ–пёҸ  1,вҷЁ  0
рҹӘЁ  2,рҹҢӘпёҸ  1,вңЁ  0,рҹ“–  1,рҹ‘ҒпёҸ  2,вҡ–пёҸ  2,вҷЁ  0
рҹӘЁ  3,рҹҢӘпёҸ  0,вңЁ  1,рҹ“–  1,рҹ‘ҒпёҸ  1,вҡ–пёҸ  2,вҷЁ  0
рҹӘЁ  0,рҹҢӘпёҸ  0,вңЁ  0,рҹ“–  1,рҹ‘ҒпёҸ  2,вҡ–пёҸ  1,вҷЁ  0
рҹӘЁ  0,рҹҢӘпёҸ  2,вңЁ  0,рҹ“–  1,рҹ‘ҒпёҸ  2,вҡ–пёҸ  2,вҷЁ  0
рҹӘЁ  3,рҹҢӘпёҸ  1,вңЁ  2,рҹ“–  1,рҹ‘ҒпёҸ  1,вҡ–пёҸ  3,вҷЁ  1
рҹӘЁ  1,рҹҢӘпёҸ  2,вңЁ  1,рҹ“–  0,рҹ‘ҒпёҸ  2,вҡ–пёҸ  2,вҷЁ  0
рҹӘЁ  1,рҹҢӘпёҸ  1,вңЁ  3,рҹ“–  1,рҹ‘ҒпёҸ  1,вҡ–пёҸ  2,вҷЁ  0
рҹӘЁ  1,рҹҢӘпёҸ  1,вңЁ  1,рҹ“–  2,рҹ‘ҒпёҸ  1,вҡ–пёҸ  2,вҷЁ  0
рҹӘЁ  0,рҹҢӘпёҸ  3,вңЁ  2,рҹ“–  0,рҹ‘ҒпёҸ  0,вҡ–пёҸ  2,вҷЁ  0
рҹӘЁ  3,рҹҢӘпёҸ  1,вңЁ  1,рҹ“–  1,рҹ‘ҒпёҸ  1,вҡ–пёҸ  2,вҷЁ  0
рҹӘЁ  2,рҹҢӘпёҸ  0,вңЁ  2,рҹ“–  1,рҹ‘ҒпёҸ  1,вҡ–пёҸ  2,вҷЁ  0
рҹӘЁ  1,рҹҢӘпёҸ  1,вңЁ  0,рҹ“–  3,рҹ‘ҒпёҸ  1,вҡ–пёҸ  2,вҷЁ  0
рҹӘЁ  1,рҹҢӘпёҸ  2,вңЁ  1,рҹ“–  1,рҹ‘ҒпёҸ  0,вҡ–пёҸ  2,вҷЁ  0
рҹӘЁ  1,рҹҢӘпёҸ  0,вңЁ  2,рҹ“–  1,рҹ‘ҒпёҸ  0,вҡ–пёҸ  1,вҷЁ  0
рҹӘЁ  1,рҹҢӘпёҸ  3,вңЁ  0,рҹ“–  2,рҹ‘ҒпёҸ  1,вҡ–пёҸ  2,вҷЁ  0
рҹӘЁ  2,рҹҢӘпёҸ  0,вңЁ  2,рҹ“–  1,рҹ‘ҒпёҸ  1,вҡ–пёҸ  2,вҷЁ  0
рҹӘЁ  1,рҹҢӘпёҸ  1,вңЁ  0,рҹ“–  3,рҹ‘ҒпёҸ  1,вҡ–пёҸ  2,вҷЁ  0
рҹӘЁ  1,рҹҢӘпёҸ  1,вңЁ  1,рҹ“–  3,рҹ‘ҒпёҸ  3,вҡ–пёҸ  3,вҷЁ  1
рҹӘЁ  1,рҹҢӘпёҸ  2,вңЁ  0,рҹ“–  2,рҹ‘ҒпёҸ  0,вҡ–пёҸ  2,вҷЁ  0
рҹӘЁ  1,рҹҢӘпёҸ  2,вңЁ  0,рҹ“–  3,рҹ‘ҒпёҸ  0,вҡ–пёҸ  2,вҷЁ  0
рҹӘЁ  1,рҹҢӘпёҸ  1,вңЁ  0,рҹ“–  1,рҹ‘ҒпёҸ  0,вҡ–пёҸ  1,вҷЁ  0
рҹӘЁ  2,рҹҢӘпёҸ  0,вңЁ  0,рҹ“–  2,рҹ‘ҒпёҸ  0,вҡ–пёҸ  2,вҷЁ  0
рҹӘЁ  3,рҹҢӘпёҸ  5,вңЁ  2,рҹ“–  2,рҹ‘ҒпёҸ  5,вҡ–пёҸ  4,вҷЁ  6
рҹӘЁ  7,рҹҢӘпёҸ  7,вңЁ  3,рҹ“–  2,рҹ‘ҒпёҸ  3,вҡ–пёҸ  4,вҷЁ  11
рҹӘЁ  3,рҹҢӘпёҸ  3,вңЁ  3,рҹ“–  4,рҹ‘ҒпёҸ  4,вҡ–пёҸ  4,вҷЁ  5
рҹӘЁ  3,рҹҢӘпёҸ  5,вңЁ  2,рҹ“–  3,рҹ‘ҒпёҸ  5,вҡ–пёҸ  4,вҷЁ  6
рҹӘЁ  2,рҹҢӘпёҸ  2,вңЁ  6,рҹ“–  3,рҹ‘ҒпёҸ  5,вҡ–пёҸ  4,вҷЁ  7
рҹӘЁ  2,рҹҢӘпёҸ  3,вңЁ  6,рҹ“–  3,рҹ‘ҒпёҸ  5,вҡ–пёҸ  4,вҷЁ  7
рҹӘЁ  7,рҹҢӘпёҸ  7,вңЁ  3,рҹ“–  3,рҹ‘ҒпёҸ  3,вҡ–пёҸ  4,вҷЁ  11
рҹӘЁ  2,рҹҢӘпёҸ  7,вңЁ  2,рҹ“–  7,рҹ‘ҒпёҸ  3,вҡ–пёҸ  4,вҷЁ  10
рҹӘЁ  3,рҹҢӘпёҸ  7,вңЁ  7,рҹ“–  2,рҹ‘ҒпёҸ  2,вҡ–пёҸ  4,вҷЁ  10
рҹӘЁ  5,рҹҢӘпёҸ  5,вңЁ  3,рҹ“–  3,рҹ‘ҒпёҸ  3,вҡ–пёҸ  4,вҷЁ  7
рҹӘЁ  2,рҹҢӘпёҸ  2,вңЁ  6,рҹ“–  3,рҹ‘ҒпёҸ  5,вҡ–пёҸ  4,вҷЁ  7
рҹӘЁ  7,рҹҢӘпёҸ  3,вңЁ  6,рҹ“–  3,рҹ‘ҒпёҸ  3,вҡ–пёҸ  4,вҷЁ  10
рҹӘЁ  6,рҹҢӘпёҸ  2,вңЁ  6,рҹ“–  2,рҹ‘ҒпёҸ  2,вҡ–пёҸ  4,вҷЁ  7
рҹӘЁ  7,рҹҢӘпёҸ  7,вңЁ  3,рҹ“–  2,рҹ‘ҒпёҸ  2,вҡ–пёҸ  4,вҷЁ  10
рҹӘЁ  2,рҹҢӘпёҸ  2,вңЁ  6,рҹ“–  3,рҹ‘ҒпёҸ  6,вҡ–пёҸ  4,вҷЁ  8
рҹӘЁ  2,рҹҢӘпёҸ  3,вңЁ  7,рҹ“–  4,рҹ‘ҒпёҸ  3,вҡ–пёҸ  4,вҷЁ  8
рҹӘЁ  3,рҹҢӘпёҸ  2,вңЁ  6,рҹ“–  2,рҹ‘ҒпёҸ  6,вҡ–пёҸ  4,вҷЁ  8
рҹӘЁ  2,рҹҢӘпёҸ  3,вңЁ  4,рҹ“–  7,рҹ‘ҒпёҸ  3,вҡ–пёҸ  4,вҷЁ  8
рҹӘЁ  6,рҹҢӘпёҸ  5,вңЁ  3,рҹ“–  3,рҹ‘ҒпёҸ  3,вҡ–пёҸ  4,вҷЁ  8
рҹӘЁ  6,рҹҢӘпёҸ  6,вңЁ  2,рҹ“–  3,рҹ‘ҒпёҸ  2,вҡ–пёҸ  4,вҷЁ  8
рҹӘЁ  3,рҹҢӘпёҸ  3,вңЁ  7,рҹ“–  7,рҹ‘ҒпёҸ  2,вҡ–пёҸ  4,вҷЁ  11
рҹӘЁ  2,рҹҢӘпёҸ  3,вңЁ  7,рҹ“–  6,рҹ‘ҒпёҸ  2,вҡ–пёҸ  4,вҷЁ  9
рҹӘЁ  3,рҹҢӘпёҸ  2,вңЁ  6,рҹ“–  2,рҹ‘ҒпёҸ  6,вҡ–пёҸ  4,вҷЁ  8
рҹӘЁ  2,рҹҢӘпёҸ  5,вңЁ  5,рҹ“–  3,рҹ‘ҒпёҸ  2,вҡ–пёҸ  4,вҷЁ  6
рҹӘЁ  6,рҹҢӘпёҸ  3,вңЁ  2,рҹ“–  2,рҹ‘ҒпёҸ  5,вҡ–пёҸ  4,вҷЁ  7
рҹӘЁ  3,рҹҢӘпёҸ  3,вңЁ  3,рҹ“–  7,рҹ‘ҒпёҸ  5,вҡ–пёҸ  4,вҷЁ  9
рҹӘЁ  3,рҹҢӘпёҸ  2,вңЁ  4,рҹ“–  2,рҹ‘ҒпёҸ  6,вҡ–пёҸ  4,вҷЁ  6
рҹӘЁ  3,рҹҢӘпёҸ  3,вңЁ  7,рҹ“–  5,рҹ‘ҒпёҸ  3,вҡ–пёҸ  4,вҷЁ  9
рҹӘЁ  2,рҹҢӘпёҸ  5,вңЁ  3,рҹ“–  7,рҹ‘ҒпёҸ  2,вҡ–пёҸ  4,вҷЁ  8
рҹӘЁ  3,рҹҢӘпёҸ  7,вңЁ  2,рҹ“–  6,рҹ‘ҒпёҸ  2,вҡ–пёҸ  4,вҷЁ  9
рҹӘЁ  3,рҹҢӘпёҸ  3,вңЁ  5,рҹ“–  2,рҹ‘ҒпёҸ  6,вҡ–пёҸ  4,вҷЁ  7
рҹӘЁ  2,рҹҢӘпёҸ  4,вңЁ  2,рҹ“–  2,рҹ‘ҒпёҸ  6,вҡ–пёҸ  4,вҷЁ  6
рҹӘЁ  3,рҹҢӘпёҸ  3,вңЁ  6,рҹ“–  2,рҹ‘ҒпёҸ  6,вҡ–пёҸ  4,вҷЁ  8
рҹӘЁ  2,рҹҢӘпёҸ  6,вңЁ  3,рҹ“–  3,рҹ‘ҒпёҸ  5,вҡ–пёҸ  4,вҷЁ  7
рҹӘЁ  6,рҹҢӘпёҸ  2,вңЁ  2,рҹ“–  4,рҹ‘ҒпёҸ  3,вҡ–пёҸ  4,вҷЁ  6
рҹӘЁ  2,рҹҢӘпёҸ  4,вңЁ  6,рҹ“–  3,рҹ‘ҒпёҸ  3,вҡ–пёҸ  4,вҷЁ  7
рҹӘЁ  6,рҹҢӘпёҸ  3,вңЁ  6,рҹ“–  2,рҹ‘ҒпёҸ  2,вҡ–пёҸ  4,вҷЁ  8
рҹӘЁ  2,рҹҢӘпёҸ  2,вңЁ  3,рҹ“–  7,рҹ‘ҒпёҸ  5,вҡ–пёҸ  4,вҷЁ  8
рҹӘЁ  6,рҹҢӘпёҸ  3,вңЁ  2,рҹ“–  3,рҹ‘ҒпёҸ  7,вҡ–пёҸ  4,вҷЁ  10
рҹӘЁ  3,рҹҢӘпёҸ  6,вңЁ  2,рҹ“–  4,рҹ‘ҒпёҸ  2,вҡ–пёҸ  4,вҷЁ  6
рҹӘЁ  2,рҹҢӘпёҸ  5,вңЁ  3,рҹ“–  6,рҹ‘ҒпёҸ  2,вҡ–пёҸ  4,вҷЁ  7
рҹӘЁ  2,рҹҢӘпёҸ  2,вңЁ  4,рҹ“–  2,рҹ‘ҒпёҸ  6,вҡ–пёҸ  4,вҷЁ  6
рҹӘЁ  3,рҹҢӘпёҸ  7,вңЁ  7,рҹ“–  3,рҹ‘ҒпёҸ  3,вҡ–пёҸ  4,вҷЁ  11
рҹӘЁ  6,рҹҢӘпёҸ  2,вңЁ  2,рҹ“–  2,рҹ‘ҒпёҸ  4,вҡ–пёҸ  4,вҷЁ  6
рҹӘЁ  2,рҹҢӘпёҸ  2,вңЁ  2,рҹ“–  7,рҹ‘ҒпёҸ  7,вҡ–пёҸ  4,вҷЁ  10
рҹӘЁ  6,рҹҢӘпёҸ  2,вңЁ  3,рҹ“–  7,рҹ‘ҒпёҸ  3,вҡ–пёҸ  4,вҷЁ  10
рҹӘЁ  6,рҹҢӘпёҸ  7,вңЁ  2,рҹ“–  3,рҹ‘ҒпёҸ  3,вҡ–пёҸ  4,вҷЁ  10
рҹӘЁ  2,рҹҢӘпёҸ  2,вңЁ  6,рҹ“–  2,рҹ‘ҒпёҸ  6,вҡ–пёҸ  4,вҷЁ  7
рҹӘЁ  2,рҹҢӘпёҸ  6,вңЁ  2,рҹ“–  2,рҹ‘ҒпёҸ  4,вҡ–пёҸ  4,вҷЁ  6
рҹӘЁ  6,рҹҢӘпёҸ  3,вңЁ  2,рҹ“–  3,рҹ‘ҒпёҸ  6,вҡ–пёҸ  4,вҷЁ  8
рҹӘЁ  2,рҹҢӘпёҸ  5,вңЁ  2,рҹ“–  6,рҹ‘ҒпёҸ  2,вҡ–пёҸ  4,вҷЁ  6
рҹӘЁ  3,рҹҢӘпёҸ  2,вңЁ  5,рҹ“–  3,рҹ‘ҒпёҸ  7,вҡ–пёҸ  4,вҷЁ  9
рҹӘЁ  2,рҹҢӘпёҸ  6,вңЁ  3,рҹ“–  2,рҹ‘ҒпёҸ  7,вҡ–пёҸ  4,вҷЁ  9
рҹӘЁ  2,рҹҢӘпёҸ  3,вңЁ  3,рҹ“–  5,рҹ‘ҒпёҸ  5,вҡ–пёҸ  4,вҷЁ  6
рҹӘЁ  5,рҹҢӘпёҸ  2,вңЁ  6,рҹ“–  3,рҹ‘ҒпёҸ  3,вҡ–пёҸ  4,вҷЁ  7
рҹӘЁ  2,рҹҢӘпёҸ  7,вңЁ  5,рҹ“–  2,рҹ‘ҒпёҸ  2,вҡ–пёҸ  4,вҷЁ  8
рҹӘЁ  3,рҹҢӘпёҸ  5,вңЁ  2,рҹ“–  3,рҹ‘ҒпёҸ  6,вҡ–пёҸ  4,вҷЁ  7
рҹӘЁ  6,рҹҢӘпёҸ  6,вңЁ  3,рҹ“–  3,рҹ‘ҒпёҸ  3,вҡ–пёҸ  4,вҷЁ  9
рҹӘЁ  2,рҹҢӘпёҸ  3,вңЁ  7,рҹ“–  5,рҹ‘ҒпёҸ  2,вҡ–пёҸ  4,вҷЁ  8
рҹӘЁ  3,рҹҢӘпёҸ  5,вңЁ  2,рҹ“–  2,рҹ‘ҒпёҸ  5,вҡ–пёҸ  4,вҷЁ  6
рҹӘЁ  2,рҹҢӘпёҸ  6,вңЁ  3,рҹ“–  2,рҹ‘ҒпёҸ  5,вҡ–пёҸ  4,вҷЁ  7
рҹӘЁ  2,рҹҢӘпёҸ  2,вңЁ  2,рҹ“–  4,рҹ‘ҒпёҸ  7,вҡ–пёҸ  4,вҷЁ  7
рҹӘЁ  4,рҹҢӘпёҸ  2,вңЁ  7,рҹ“–  3,рҹ‘ҒпёҸ  2,вҡ–пёҸ  4,вҷЁ  7
рҹӘЁ  3,рҹҢӘпёҸ  4,вңЁ  2,рҹ“–  3,рҹ‘ҒпёҸ  6,вҡ–пёҸ  4,вҷЁ  7
рҹӘЁ  2,рҹҢӘпёҸ  2,вңЁ  2,рҹ“–  7,рҹ‘ҒпёҸ  4,вҡ–пёҸ  4,вҷЁ  7
рҹӘЁ  2,рҹҢӘпёҸ  7,вңЁ  3,рҹ“–  7,рҹ‘ҒпёҸ  2,вҡ–пёҸ  4,вҷЁ  10
рҹӘЁ  3,рҹҢӘпёҸ  2,вңЁ  2,рҹ“–  5,рҹ‘ҒпёҸ  5,вҡ–пёҸ  4,вҷЁ  6
рҹӘЁ  3,рҹҢӘпёҸ  5,вңЁ  3,рҹ“–  3,рҹ‘ҒпёҸ  4,вҡ–пёҸ  4,вҷЁ  6
рҹӘЁ  2,рҹҢӘпёҸ  3,вңЁ  5,рҹ“–  6,рҹ‘ҒпёҸ  3,вҡ–пёҸ  4,вҷЁ  7
рҹӘЁ  3,рҹҢӘпёҸ  6,вңЁ  3,рҹ“–  6,рҹ‘ҒпёҸ  3,вҡ–пёҸ  4,вҷЁ  9
рҹӘЁ  7,рҹҢӘпёҸ  4,вңЁ  2,рҹ“–  2,рҹ‘ҒпёҸ  3,вҡ–пёҸ  4,вҷЁ  7
рҹӘЁ  3,рҹҢӘпёҸ  6,вңЁ  3,рҹ“–  7,рҹ‘ҒпёҸ  2,вҡ–пёҸ  4,вҷЁ  10
рҹӘЁ  2,рҹҢӘпёҸ  5,вңЁ  2,рҹ“–  2,рҹ‘ҒпёҸ  4,вҡ–пёҸ  4,вҷЁ  5
рҹӘЁ  3,рҹҢӘпёҸ  2,вңЁ  5,рҹ“–  2,рҹ‘ҒпёҸ  5,вҡ–пёҸ  4,вҷЁ  6
рҹӘЁ  4,рҹҢӘпёҸ  2,вңЁ  3,рҹ“–  5,рҹ‘ҒпёҸ  3,вҡ–пёҸ  4,вҷЁ  6
рҹӘЁ  2,рҹҢӘпёҸ  6,вңЁ  3,рҹ“–  6,рҹ‘ҒпёҸ  3,вҡ–пёҸ  4,вҷЁ  8
рҹӘЁ  2,рҹҢӘпёҸ  5,вңЁ  3,рҹ“–  2,рҹ‘ҒпёҸ  5,вҡ–пёҸ  4,вҷЁ  6
рҹӘЁ  6,рҹҢӘпёҸ  3,вңЁ  6,рҹ“–  3,рҹ‘ҒпёҸ  3,вҡ–пёҸ  4,вҷЁ  9
рҹӘЁ  4,рҹҢӘпёҸ  2,вңЁ  2,рҹ“–  3,рҹ‘ҒпёҸ  7,вҡ–пёҸ  4,вҷЁ  7
рҹӘЁ  3,рҹҢӘпёҸ  4,вңЁ  7,рҹ“–  3,рҹ‘ҒпёҸ  3,вҡ–пёҸ  4,вҷЁ  8
рҹӘЁ  2,рҹҢӘпёҸ  2,вңЁ  6,рҹ“–  5,рҹ‘ҒпёҸ  3,вҡ–пёҸ  4,вҷЁ  7
рҹӘЁ  6,рҹҢӘпёҸ  2,вңЁ  2,рҹ“–  3,рҹ‘ҒпёҸ  5,вҡ–пёҸ  4,вҷЁ  7
рҹӘЁ  2,рҹҢӘпёҸ  6,вңЁ  2,рҹ“–  2,рҹ‘ҒпёҸ  5,вҡ–пёҸ  4,вҷЁ  6
рҹӘЁ  1,рҹҢӘпёҸ  1,вңЁ  2,рҹ“–  2,рҹ‘ҒпёҸ  2,вҡ–пёҸ  3,вҷЁ  1
рҹӘЁ  1,рҹҢӘпёҸ  2,вңЁ  2,рҹ“–  1,рҹ‘ҒпёҸ  5,вҡ–пёҸ  4,вҷЁ  3
рҹӘЁ  5,рҹҢӘпёҸ  2,вңЁ  5,рҹ“–  1,рҹ‘ҒпёҸ  2,вҡ–пёҸ  4,вҷЁ  5
рҹӘЁ  2,рҹҢӘпёҸ  3,вңЁ  2,рҹ“–  1,рҹ‘ҒпёҸ  2,вҡ–пёҸ  3,вҷЁ  1
рҹӘЁ  2,рҹҢӘпёҸ  4,вңЁ  1,рҹ“–  3,рҹ‘ҒпёҸ  1,вҡ–пёҸ  4,вҷЁ  2
рҹӘЁ  2,рҹҢӘпёҸ  1,вңЁ  3,рҹ“–  2,рҹ‘ҒпёҸ  2,вҡ–пёҸ  3,вҷЁ  1
рҹӘЁ  2,рҹҢӘпёҸ  2,вңЁ  5,рҹ“–  2,рҹ‘ҒпёҸ  1,вҡ–пёҸ  4,вҷЁ  3
рҹӘЁ  2,рҹҢӘпёҸ  1,вңЁ  2,рҹ“–  5,рҹ‘ҒпёҸ  4,вҡ–пёҸ  4,вҷЁ  4
рҹӘЁ  2,рҹҢӘпёҸ  1,вңЁ  2,рҹ“–  2,рҹ‘ҒпёҸ  3,вҡ–пёҸ  3,вҷЁ  1
рҹӘЁ  2,рҹҢӘпёҸ  2,вңЁ  1,рҹ“–  4,рҹ‘ҒпёҸ  5,вҡ–пёҸ  4,вҷЁ  4
рҹӘЁ  1,рҹҢӘпёҸ  3,вңЁ  2,рҹ“–  4,рҹ‘ҒпёҸ  1,вҡ–пёҸ  4,вҷЁ  2
рҹӘЁ  4,рҹҢӘпёҸ  1,вңЁ  2,рҹ“–  2,рҹ‘ҒпёҸ  2,вҡ–пёҸ  4,вҷЁ  2
рҹӘЁ  5,рҹҢӘпёҸ  2,вңЁ  1,рҹ“–  2,рҹ‘ҒпёҸ  2,вҡ–пёҸ  4,вҷЁ  3
рҹӘЁ  1,рҹҢӘпёҸ  1,вңЁ  4,рҹ“–  4,рҹ‘ҒпёҸ  2,вҡ–пёҸ  4,вҷЁ  3
рҹӘЁ  2,рҹҢӘпёҸ  2,вңЁ  2,рҹ“–  2,рҹ‘ҒпёҸ  2,вҡ–пёҸ  3,вҷЁ  1
рҹӘЁ  2,рҹҢӘпёҸ  5,вңЁ  3,рҹ“–  1,рҹ‘ҒпёҸ  2,вҡ–пёҸ  4,вҷЁ  3
рҹӘЁ  2,рҹҢӘпёҸ  5,вңЁ  1,рҹ“–  1,рҹ‘ҒпёҸ  4,вҡ–пёҸ  4,вҷЁ  4
рҹӘЁ  1,рҹҢӘпёҸ  1,вңЁ  3,рҹ“–  5,рҹ‘ҒпёҸ  2,вҡ–пёҸ  4,вҷЁ  3
рҹӘЁ  2,рҹҢӘпёҸ  2,вңЁ  3,рҹ“–  2,рҹ‘ҒпёҸ  2,вҡ–пёҸ  4,вҷЁ  2
рҹӘЁ  1,рҹҢӘпёҸ  2,вңЁ  3,рҹ“–  2,рҹ‘ҒпёҸ  2,вҡ–пёҸ  3,вҷЁ  1
рҹӘЁ  2,рҹҢӘпёҸ  1,вңЁ  3,рҹ“–  2,рҹ‘ҒпёҸ  2,вҡ–пёҸ  3,вҷЁ  1
рҹӘЁ  2,рҹҢӘпёҸ  3,вңЁ  2,рҹ“–  5,рҹ‘ҒпёҸ  2,вҡ–пёҸ  4,вҷЁ  4
рҹӘЁ  2,рҹҢӘпёҸ  2,вңЁ  4,рҹ“–  2,рҹ‘ҒпёҸ  5,вҡ–пёҸ  4,вҷЁ  4
рҹӘЁ  2,рҹҢӘпёҸ  1,вңЁ  2,рҹ“–  4,рҹ‘ҒпёҸ  1,вҡ–пёҸ  4,вҷЁ  2
рҹӘЁ  2,рҹҢӘпёҸ  2,вңЁ  3,рҹ“–  5,рҹ‘ҒпёҸ  2,вҡ–пёҸ  4,вҷЁ  4
рҹӘЁ  2,рҹҢӘпёҸ  4,вңЁ  2,рҹ“–  5,рҹ‘ҒпёҸ  2,вҡ–пёҸ  4,вҷЁ  4
рҹӘЁ  5,рҹҢӘпёҸ  2,вңЁ  3,рҹ“–  1,рҹ‘ҒпёҸ  2,вҡ–пёҸ  4,вҷЁ  3
рҹӘЁ  2,рҹҢӘпёҸ  2,вңЁ  3,рҹ“–  3,рҹ‘ҒпёҸ  2,вҡ–пёҸ  4,вҷЁ  2
рҹӘЁ  1,рҹҢӘпёҸ  5,вңЁ  2,рҹ“–  2,рҹ‘ҒпёҸ  3,вҡ–пёҸ  4,вҷЁ  3
рҹӘЁ  4,рҹҢӘпёҸ  1,вңЁ  1,рҹ“–  4,рҹ‘ҒпёҸ  1,вҡ–пёҸ  4,вҷЁ  3
рҹӘЁ  1,рҹҢӘпёҸ  1,вңЁ  4,рҹ“–  5,рҹ‘ҒпёҸ  1,вҡ–пёҸ  4,вҷЁ  3
рҹӘЁ  1,рҹҢӘпёҸ  1,вңЁ  3,рҹ“–  1,рҹ‘ҒпёҸ  3,вҡ–пёҸ  3,вҷЁ  1
рҹӘЁ  2,рҹҢӘпёҸ  2,вңЁ  4,рҹ“–  1,рҹ‘ҒпёҸ  1,вҡ–пёҸ  4,вҷЁ  2
рҹӘЁ  1,рҹҢӘпёҸ  4,вңЁ  1,рҹ“–  3,рҹ‘ҒпёҸ  1,вҡ–пёҸ  4,вҷЁ  2
рҹӘЁ  3,рҹҢӘпёҸ  4,вңЁ  2,рҹ“–  1,рҹ‘ҒпёҸ  2,вҡ–пёҸ  4,вҷЁ  3
рҹӘЁ  2,рҹҢӘпёҸ  3,вңЁ  4,рҹ“–  2,рҹ‘ҒпёҸ  1,вҡ–пёҸ  4,вҷЁ  3
рҹӘЁ  4,рҹҢӘпёҸ  1,вңЁ  4,рҹ“–  1,рҹ‘ҒпёҸ  1,вҡ–пёҸ  4,вҷЁ  3
рҹӘЁ  5,рҹҢӘпёҸ  1,вңЁ  2,рҹ“–  2,рҹ‘ҒпёҸ  3,вҡ–пёҸ  4,вҷЁ  3
рҹӘЁ  5,рҹҢӘпёҸ  1,вңЁ  2,рҹ“–  4,рҹ‘ҒпёҸ  2,вҡ–пёҸ  4,вҷЁ  4
рҹӘЁ  2,рҹҢӘпёҸ  4,вңЁ  2,рҹ“–  4,рҹ‘ҒпёҸ  1,вҡ–пёҸ  4,вҷЁ  3
рҹӘЁ  2,рҹҢӘпёҸ  1,вңЁ  2,рҹ“–  2,рҹ‘ҒпёҸ  2,вҡ–пёҸ  3,вҷЁ  1
рҹӘЁ  2,рҹҢӘпёҸ  2,вңЁ  2,рҹ“–  1,рҹ‘ҒпёҸ  4,вҡ–пёҸ  4,вҷЁ  2
рҹӘЁ  1,рҹҢӘпёҸ  5,вңЁ  3,рҹ“–  1,рҹ‘ҒпёҸ  2,вҡ–пёҸ  4,вҷЁ  3
рҹӘЁ  2,рҹҢӘпёҸ  3,вңЁ  1,рҹ“–  2,рҹ‘ҒпёҸ  3,вҡ–пёҸ  4,вҷЁ  2
рҹӘЁ  2,рҹҢӘпёҸ  2,вңЁ  3,рҹ“–  2,рҹ‘ҒпёҸ  4,вҡ–пёҸ  4,вҷЁ  3
рҹӘЁ  2,рҹҢӘпёҸ  3,вңЁ  1,рҹ“–  2,рҹ‘ҒпёҸ  2,вҡ–пёҸ  3,вҷЁ  1
рҹӘЁ  2,рҹҢӘпёҸ  2,вңЁ  1,рҹ“–  1,рҹ‘ҒпёҸ  5,вҡ–пёҸ  4,вҷЁ  3
рҹӘЁ  2,рҹҢӘпёҸ  1,вңЁ  1,рҹ“–  4,рҹ‘ҒпёҸ  4,вҡ–пёҸ  4,вҷЁ  3
рҹӘЁ  2,рҹҢӘпёҸ  2,вңЁ  3,рҹ“–  1,рҹ‘ҒпёҸ  3,вҡ–пёҸ  4,вҷЁ  2
рҹӘЁ  1,рҹҢӘпёҸ  4,вңЁ  3,рҹ“–  1,рҹ‘ҒпёҸ  2,вҡ–пёҸ  4,вҷЁ  2
рҹӘЁ  1,рҹҢӘпёҸ  3,вңЁ  2,рҹ“–  3,рҹ‘ҒпёҸ  1,вҡ–пёҸ  4,вҷЁ  2
рҹӘЁ  2,рҹҢӘпёҸ  2,вңЁ  2,рҹ“–  3,рҹ‘ҒпёҸ  4,вҡ–пёҸ  4,вҷЁ  3
рҹӘЁ  1,рҹҢӘпёҸ  2,вңЁ  3,рҹ“–  1,рҹ‘ҒпёҸ  5,вҡ–пёҸ  4,вҷЁ  3
рҹӘЁ  2,рҹҢӘпёҸ  1,вңЁ  4,рҹ“–  2,рҹ‘ҒпёҸ  3,вҡ–пёҸ  4,вҷЁ  3
рҹӘЁ  1,рҹҢӘпёҸ  1,вңЁ  3,рҹ“–  2,рҹ‘ҒпёҸ  4,вҡ–пёҸ  4,вҷЁ  2
рҹӘЁ  2,рҹҢӘпёҸ  1,вңЁ  2,рҹ“–  1,рҹ‘ҒпёҸ  4,вҡ–пёҸ  4,вҷЁ  2
рҹӘЁ  1,рҹҢӘпёҸ  2,вңЁ  4,рҹ“–  2,рҹ‘ҒпёҸ  2,вҡ–пёҸ  4,вҷЁ  2
рҹӘЁ  2,рҹҢӘпёҸ  3,вңЁ  2,рҹ“–  2,рҹ‘ҒпёҸ  5,вҡ–пёҸ  4,вҷЁ  4
рҹӘЁ  3,рҹҢӘпёҸ  1,вңЁ  1,рҹ“–  3,рҹ‘ҒпёҸ  2,вҡ–пёҸ  4,вҷЁ  2
рҹӘЁ  1,рҹҢӘпёҸ  1,вңЁ  3,рҹ“–  3,рҹ‘ҒпёҸ  1,вҡ–пёҸ  3,вҷЁ  1
рҹӘЁ  2,рҹҢӘпёҸ  1,вңЁ  4,рҹ“–  2,рҹ‘ҒпёҸ  1,вҡ–пёҸ  4,вҷЁ  2
рҹӘЁ  1,рҹҢӘпёҸ  1,вңЁ  3,рҹ“–  1,рҹ‘ҒпёҸ  5,вҡ–пёҸ  4,вҷЁ  3
рҹӘЁ  1,рҹҢӘпёҸ  3,вңЁ  1,рҹ“–  4,рҹ‘ҒпёҸ  2,вҡ–пёҸ  4,вҷЁ  2
рҹӘЁ  1,рҹҢӘпёҸ  2,вңЁ  5,рҹ“–  1,рҹ‘ҒпёҸ  3,вҡ–пёҸ  4,вҷЁ  3
рҹӘЁ  4,рҹҢӘпёҸ  2,вңЁ  2,рҹ“–  2,рҹ‘ҒпёҸ  2,вҡ–пёҸ  4,вҷЁ  2
рҹӘЁ  4,рҹҢӘпёҸ  1,вңЁ  1,рҹ“–  4,рҹ‘ҒпёҸ  2,вҡ–пёҸ  4,вҷЁ  3
рҹӘЁ  1,рҹҢӘпёҸ  4,вңЁ  1,рҹ“–  1,рҹ‘ҒпёҸ  4,вҡ–пёҸ  4,вҷЁ  3
рҹӘЁ  2,рҹҢӘпёҸ  4,вңЁ  1,рҹ“–  4,рҹ‘ҒпёҸ  2,вҡ–пёҸ  4,вҷЁ  3
рҹӘЁ  2,рҹҢӘпёҸ  2,вңЁ  2,рҹ“–  1,рҹ‘ҒпёҸ  3,вҡ–пёҸ  3,вҷЁ  1
рҹӘЁ  1,рҹҢӘпёҸ  1,вңЁ  2,рҹ“–  4,рҹ‘ҒпёҸ  4,вҡ–пёҸ  4,вҷЁ  3
рҹӘЁ  2,рҹҢӘпёҸ  3,вңЁ  5,рҹ“–  1,рҹ‘ҒпёҸ  1,вҡ–пёҸ  4,вҷЁ  3
рҹӘЁ  9,рҹҢӘпёҸ  3,вңЁ  3,рҹ“–  7,рҹ‘ҒпёҸ  4,вҡ–пёҸ  4,вҷЁ  15
рҹӘЁ  4,рҹҢӘпёҸ  8,вңЁ  3,рҹ“–  7,рҹ‘ҒпёҸ  3,вҡ–пёҸ  4,вҷЁ  13
рҹӘЁ  4,рҹҢӘпёҸ  6,вңЁ  3,рҹ“–  3,рҹ‘ҒпёҸ  8,вҡ–пёҸ  4,вҷЁ  12
рҹӘЁ  8,рҹҢӘпёҸ  3,вңЁ  6,рҹ“–  4,рҹ‘ҒпёҸ  3,вҡ–пёҸ  4,вҷЁ  12
рҹӘЁ  4,рҹҢӘпёҸ  7,вңЁ  4,рҹ“–  9,рҹ‘ҒпёҸ  3,вҡ–пёҸ  4,вҷЁ  16
рҹӘЁ  3,рҹҢӘпёҸ  3,вңЁ  6,рҹ“–  8,рҹ‘ҒпёҸ  4,вҡ–пёҸ  4,вҷЁ  12
рҹӘЁ  4,рҹҢӘпёҸ  7,вңЁ  4,рҹ“–  8,рҹ‘ҒпёҸ  4,вҡ–пёҸ  4,вҷЁ  15
рҹӘЁ  3,рҹҢӘпёҸ  7,вңЁ  4,рҹ“–  3,рҹ‘ҒпёҸ  8,вҡ–пёҸ  4,вҷЁ  13
рҹӘЁ  3,рҹҢӘпёҸ  6,вңЁ  7,рҹ“–  4,рҹ‘ҒпёҸ  3,вҡ–пёҸ  4,вҷЁ  11
рҹӘЁ  3,рҹҢӘпёҸ  4,вңЁ  9,рҹ“–  3,рҹ‘ҒпёҸ  7,вҡ–пёҸ  4,вҷЁ  15
рҹӘЁ  4,рҹҢӘпёҸ  4,вңЁ  9,рҹ“–  4,рҹ‘ҒпёҸ  9,вҡ–пёҸ  4,вҷЁ  19
рҹӘЁ  8,рҹҢӘпёҸ  7,вңЁ  3,рҹ“–  4,рҹ‘ҒпёҸ  4,вҡ–пёҸ  4,вҷЁ  14
рҹӘЁ  4,рҹҢӘпёҸ  8,вңЁ  4,рҹ“–  7,рҹ‘ҒпёҸ  3,вҡ–пёҸ  4,вҷЁ  14
рҹӘЁ  4,рҹҢӘпёҸ  3,вңЁ  9,рҹ“–  9,рҹ‘ҒпёҸ  3,вҡ–пёҸ  4,вҷЁ  18
рҹӘЁ  7,рҹҢӘпёҸ  4,вңЁ  7,рҹ“–  4,рҹ‘ҒпёҸ  4,вҡ–пёҸ  4,вҷЁ  13
рҹӘЁ  8,рҹҢӘпёҸ  3,вңЁ  4,рҹ“–  8,рҹ‘ҒпёҸ  4,вҡ–пёҸ  4,вҷЁ  15
рҹӘЁ  4,рҹҢӘпёҸ  4,вңЁ  7,рҹ“–  8,рҹ‘ҒпёҸ  3,вҡ–пёҸ  4,вҷЁ  14
рҹӘЁ  3,рҹҢӘпёҸ  4,вңЁ  9,рҹ“–  4,рҹ‘ҒпёҸ  6,вҡ–пёҸ  4,вҷЁ  14
рҹӘЁ  4,рҹҢӘпёҸ  7,вңЁ  4,рҹ“–  9,рҹ‘ҒпёҸ  3,вҡ–пёҸ  4,вҷЁ  16
рҹӘЁ  7,рҹҢӘпёҸ  4,вңЁ  9,рҹ“–  3,рҹ‘ҒпёҸ  3,вҡ–пёҸ  4,вҷЁ  15
рҹӘЁ  4,рҹҢӘпёҸ  4,вңЁ  3,рҹ“–  8,рҹ‘ҒпёҸ  6,вҡ–пёҸ  4,вҷЁ  13
рҹӘЁ  3,рҹҢӘпёҸ  6,вңЁ  8,рҹ“–  4,рҹ‘ҒпёҸ  4,вҡ–пёҸ  4,вҷЁ  13
рҹӘЁ  7,рҹҢӘпёҸ  4,вңЁ  7,рҹ“–  3,рҹ‘ҒпёҸ  3,вҡ–пёҸ  4,вҷЁ  12
рҹӘЁ  4,рҹҢӘпёҸ  9,вңЁ  3,рҹ“–  8,рҹ‘ҒпёҸ  4,вҡ–пёҸ  4,вҷЁ  17
рҹӘЁ  4,рҹҢӘпёҸ  8,вңЁ  7,рҹ“–  4,рҹ‘ҒпёҸ  3,вҡ–пёҸ  4,вҷЁ  14
рҹӘЁ  3,рҹҢӘпёҸ  7,вңЁ  4,рҹ“–  4,рҹ‘ҒпёҸ  6,вҡ–пёҸ  4,вҷЁ  12
рҹӘЁ  6,рҹҢӘпёҸ  3,вңЁ  8,рҹ“–  3,рҹ‘ҒпёҸ  3,вҡ–пёҸ  4,вҷЁ  12
рҹӘЁ  5,рҹҢӘпёҸ  5,вңЁ  12,рҹ“–  8,рҹ‘ҒпёҸ  6,вҡ–пёҸ  4,вҷЁ  27
рҹӘЁ  9,рҹҢӘпёҸ  5,вңЁ  9,рҹ“–  5,рҹ‘ҒпёҸ  4,вҡ–пёҸ  4,вҷЁ  21
рҹӘЁ  8,рҹҢӘпёҸ  6,вңЁ  5,рҹ“–  4,рҹ‘ҒпёҸ  11,вҡ–пёҸ  4,вҷЁ  24
рҹӘЁ  5,рҹҢӘпёҸ  9,вңЁ  6,рҹ“–  11,рҹ‘ҒпёҸ  6,вҡ–пёҸ  4,вҷЁ  27
рҹӘЁ  11,рҹҢӘпёҸ  4,вңЁ  6,рҹ“–  6,рҹ‘ҒпёҸ  10,вҡ–пёҸ  4,вҷЁ  28
рҹӘЁ  10,рҹҢӘпёҸ  6,вңЁ  6,рҹ“–  6,рҹ‘ҒпёҸ  11,вҡ–пёҸ  4,вҷЁ  30
рҹӘЁ  4,рҹҢӘпёҸ  5,вңЁ  5,рҹ“–  9,рҹ‘ҒпёҸ  11,вҡ–пёҸ  4,вҷЁ  24
рҹӘЁ  9,рҹҢӘпёҸ  6,вңЁ  4,рҹ“–  9,рҹ‘ҒпёҸ  5,вҡ–пёҸ  4,вҷЁ  22
рҹӘЁ  10,рҹҢӘпёҸ  9,вңЁ  6,рҹ“–  4,рҹ‘ҒпёҸ  4,вҡ–пёҸ  4,вҷЁ  23
рҹӘЁ  5,рҹҢӘпёҸ  5,вңЁ  6,рҹ“–  10,рҹ‘ҒпёҸ  10,вҡ–пёҸ  4,вҷЁ  26
рҹӘЁ  5,рҹҢӘпёҸ  11,вңЁ  4,рҹ“–  10,рҹ‘ҒпёҸ  5,вҡ–пёҸ  4,вҷЁ  26
рҹӘЁ  5,рҹҢӘпёҸ  4,вңЁ  5,рҹ“–  8,рҹ‘ҒпёҸ  8,вҡ–пёҸ  4,вҷЁ  18
рҹӘЁ  5,рҹҢӘпёҸ  4,вңЁ  9,рҹ“–  6,рҹ‘ҒпёҸ  10,вҡ–пёҸ  4,вҷЁ  24
рҹӘЁ  4,рҹҢӘпёҸ  4,вңЁ  5,рҹ“–  9,рҹ‘ҒпёҸ  11,вҡ–пёҸ  4,вҷЁ  24
рҹӘЁ  6,рҹҢӘпёҸ  9,вңЁ  9,рҹ“–  4,рҹ‘ҒпёҸ  6,вҡ–пёҸ  4,вҷЁ  23
рҹӘЁ  4,рҹҢӘпёҸ  10,вңЁ  6,рҹ“–  9,рҹ‘ҒпёҸ  5,вҡ–пёҸ  4,вҷЁ  24
рҹӘЁ  10,рҹҢӘпёҸ  5,вңЁ  12,рҹ“–  6,рҹ‘ҒпёҸ  5,вҡ–пёҸ  4,вҷЁ  30
рҹӘЁ  6,рҹҢӘпёҸ  4,вңЁ  5,рҹ“–  10,рҹ‘ҒпёҸ  9,вҡ–пёҸ  4,вҷЁ  24
рҹӘЁ  5,рҹҢӘпёҸ  6,вңЁ  11,рҹ“–  12,рҹ‘ҒпёҸ  5,вҡ–пёҸ  4,вҷЁ  32
рҹӘЁ  4,рҹҢӘпёҸ  6,вңЁ  12,рҹ“–  4,рҹ‘ҒпёҸ  9,вҡ–пёҸ  4,вҷЁ  27
рҹӘЁ  5,рҹҢӘпёҸ  10,вңЁ  5,рҹ“–  9,рҹ‘ҒпёҸ  5,вҡ–пёҸ  4,вҷЁ  23
рҹӘЁ  5,рҹҢӘпёҸ  5,вңЁ  11,рҹ“–  8,рҹ‘ҒпёҸ  4,вҡ–пёҸ  4,вҷЁ  23
рҹӘЁ  4,рҹҢӘпёҸ  9,вңЁ  4,рҹ“–  11,рҹ‘ҒпёҸ  4,вҡ–пёҸ  4,вҷЁ  23
рҹӘЁ  4,рҹҢӘпёҸ  5,вңЁ  11,рҹ“–  6,рҹ‘ҒпёҸ  12,вҡ–пёҸ  4,вҷЁ  31
рҹӘЁ  9,рҹҢӘпёҸ  8,вңЁ  6,рҹ“–  5,рҹ‘ҒпёҸ  5,вҡ–пёҸ  4,вҷЁ  21
рҹӘЁ  5,рҹҢӘпёҸ  11,вңЁ  4,рҹ“–  5,рҹ‘ҒпёҸ  9,вҡ–пёҸ  4,вҷЁ  24
рҹӘЁ  9,рҹҢӘпёҸ  5,вңЁ  10,рҹ“–  5,рҹ‘ҒпёҸ  6,вҡ–пёҸ  4,вҷЁ  24
рҹӘЁ  5,рҹҢӘпёҸ  6,вңЁ  11,рҹ“–  5,рҹ‘ҒпёҸ  12,вҡ–пёҸ  4,вҷЁ  32
рҹӘЁ  9,рҹҢӘпёҸ  9,вңЁ  5,рҹ“–  4,рҹ‘ҒпёҸ  4,вҡ–пёҸ  4,вҷЁ  20
рҹӘЁ  10,рҹҢӘпёҸ  5,вңЁ  5,рҹ“–  9,рҹ‘ҒпёҸ  5,вҡ–пёҸ  4,вҷЁ  23
рҹӘЁ  5,рҹҢӘпёҸ  10,вңЁ  5,рҹ“–  11,рҹ‘ҒпёҸ  4,вҡ–пёҸ  4,вҷЁ  26
рҹӘЁ  9,рҹҢӘпёҸ  5,вңЁ  5,рҹ“–  6,рҹ‘ҒпёҸ  10,вҡ–пёҸ  4,вҷЁ  24
рҹӘЁ  5,рҹҢӘпёҸ  5,вңЁ  12,рҹ“–  5,рҹ‘ҒпёҸ  11,вҡ–пёҸ  4,вҷЁ  31
рҹӘЁ  9,рҹҢӘпёҸ  5,вңЁ  8,рҹ“–  5,рҹ‘ҒпёҸ  5,вҡ–пёҸ  4,вҷЁ  20
рҹӘЁ  6,рҹҢӘпёҸ  11,вңЁ  5,рҹ“–  11,рҹ‘ҒпёҸ  5,вҡ–пёҸ  4,вҷЁ  30
рҹӘЁ  6,рҹҢӘпёҸ  5,вңЁ  8,рҹ“–  4,рҹ‘ҒпёҸ  10,вҡ–пёҸ  4,вҷЁ  22
рҹӘЁ  8,рҹҢӘпёҸ  6,вңЁ  10,рҹ“–  5,рҹ‘ҒпёҸ  5,вҡ–пёҸ  4,вҷЁ  23
рҹӘЁ  9,рҹҢӘпёҸ  12,вңЁ  5,рҹ“–  4,рҹ‘ҒпёҸ  5,вҡ–пёҸ  4,вҷЁ  26
рҹӘЁ  4,рҹҢӘпёҸ  10,вңЁ  4,рҹ“–  5,рҹ‘ҒпёҸ  11,вҡ–пёҸ  4,вҷЁ  25
рҹӘЁ  5,рҹҢӘпёҸ  12,вңЁ  6,рҹ“–  11,рҹ‘ҒпёҸ  4,вҡ–пёҸ  4,вҷЁ  31
рҹӘЁ  4,рҹҢӘпёҸ  6,вңЁ  6,рҹ“–  9,рҹ‘ҒпёҸ  11,вҡ–пёҸ  4,вҷЁ  26
рҹӘЁ  10,рҹҢӘпёҸ  11,вңЁ  5,рҹ“–  5,рҹ‘ҒпёҸ  6,вҡ–пёҸ  4,вҷЁ  28
рҹӘЁ  5,рҹҢӘпёҸ  11,вңЁ  6,рҹ“–  5,рҹ‘ҒпёҸ  9,вҡ–пёҸ  4,вҷЁ  26
рҹӘЁ  5,рҹҢӘпёҸ  9,вңЁ  8,рҹ“–  5,рҹ‘ҒпёҸ  6,вҡ–пёҸ  4,вҷЁ  21
рҹӘЁ  4,рҹҢӘпёҸ  4,вңЁ  9,рҹ“–  11,рҹ‘ҒпёҸ  5,вҡ–пёҸ  4,вҷЁ  24
рҹӘЁ  6,рҹҢӘпёҸ  8,вңЁ  5,рҹ“–  9,рҹ‘ҒпёҸ  4,вҡ–пёҸ  4,вҷЁ  20
рҹӘЁ  5,рҹҢӘпёҸ  8,вңЁ  11,рҹ“–  5,рҹ‘ҒпёҸ  6,вҡ–пёҸ  4,вҷЁ  25
рҹӘЁ  11,рҹҢӘпёҸ  5,вңЁ  4,рҹ“–  10,рҹ‘ҒпёҸ  6,вҡ–пёҸ  4,вҷЁ  27
рҹӘЁ  4,рҹҢӘпёҸ  6,вңЁ  6,рҹ“–  10,рҹ‘ҒпёҸ  10,вҡ–пёҸ  4,вҷЁ  26
рҹӘЁ  9,рҹҢӘпёҸ  5,вңЁ  12,рҹ“–  5,рҹ‘ҒпёҸ  4,вҡ–пёҸ  4,вҷЁ  26
рҹӘЁ  5,рҹҢӘпёҸ  10,вңЁ  5,рҹ“–  9,рҹ‘ҒпёҸ  4,вҡ–пёҸ  4,вҷЁ  23
рҹӘЁ  5,рҹҢӘпёҸ  4,вңЁ  11,рҹ“–  6,рҹ‘ҒпёҸ  9,вҡ–пёҸ  4,вҷЁ  25
рҹӘЁ  10,рҹҢӘпёҸ  6,вңЁ  5,рҹ“–  11,рҹ‘ҒпёҸ  4,вҡ–пёҸ  4,вҷЁ  27
рҹӘЁ  5,рҹҢӘпёҸ  9,вңЁ  11,рҹ“–  5,рҹ‘ҒпёҸ  5,вҡ–пёҸ  4,вҷЁ  25
рҹӘЁ  10,рҹҢӘпёҸ  6,вңЁ  5,рҹ“–  8,рҹ‘ҒпёҸ  6,вҡ–пёҸ  4,вҷЁ  24
рҹӘЁ  11,рҹҢӘпёҸ  5,вңЁ  12,рҹ“–  4,рҹ‘ҒпёҸ  5,вҡ–пёҸ  4,вҷЁ  30
рҹӘЁ  6,рҹҢӘпёҸ  6,вңЁ  12,рҹ“–  4,рҹ‘ҒпёҸ  11,вҡ–пёҸ  4,вҷЁ  32
рҹӘЁ  6,рҹҢӘпёҸ  11,вңЁ  8,рҹ“–  6,рҹ‘ҒпёҸ  5,вҡ–пёҸ  4,вҷЁ  26
рҹӘЁ  10,рҹҢӘпёҸ  6,вңЁ  4,рҹ“–  5,рҹ‘ҒпёҸ  11,вҡ–пёҸ  4,вҷЁ  27
рҹӘЁ  5,рҹҢӘпёҸ  11,вңЁ  5,рҹ“–  6,рҹ‘ҒпёҸ  10,вҡ–пёҸ  4,вҷЁ  28
рҹӘЁ  5,рҹҢӘпёҸ  8,вңЁ  6,рҹ“–  8,рҹ‘ҒпёҸ  5,вҡ–пёҸ  4,вҷЁ  20
рҹӘЁ  5,рҹҢӘпёҸ  5,вңЁ  8,рҹ“–  5,рҹ‘ҒпёҸ  12,вҡ–пёҸ  4,вҷЁ  26
рҹӘЁ  5,рҹҢӘпёҸ  10,вңЁ  12,рҹ“–  6,рҹ‘ҒпёҸ  5,вҡ–пёҸ  4,вҷЁ  30
рҹӘЁ  4,рҹҢӘпёҸ  6,вңЁ  9,рҹ“–  4,рҹ‘ҒпёҸ  9,вҡ–пёҸ  4,вҷЁ  21
рҹӘЁ  5,рҹҢӘпёҸ  5,вңЁ  9,рҹ“–  8,рҹ‘ҒпёҸ  5,вҡ–пёҸ  4,вҷЁ  20
рҹӘЁ  9,рҹҢӘпёҸ  5,вңЁ  5,рҹ“–  5,рҹ‘ҒпёҸ  11,вҡ–пёҸ  4,вҷЁ  25
рҹӘЁ  11,рҹҢӘпёҸ  5,вңЁ  5,рҹ“–  5,рҹ‘ҒпёҸ  10,вҡ–пёҸ  4,вҷЁ  27
рҹӘЁ  8,рҹҢӘпёҸ  4,вңЁ  4,рҹ“–  5,рҹ‘ҒпёҸ  11,вҡ–пёҸ  4,вҷЁ  22
рҹӘЁ  5,рҹҢӘпёҸ  5,вңЁ  9,рҹ“–  12,рҹ‘ҒпёҸ  4,вҡ–пёҸ  4,вҷЁ  26
рҹӘЁ  5,рҹҢӘпёҸ  5,вңЁ  8,рҹ“–  12,рҹ‘ҒпёҸ  5,вҡ–пёҸ  4,вҷЁ  26
рҹӘЁ  6,рҹҢӘпёҸ  11,вңЁ  6,рҹ“–  12,рҹ‘ҒпёҸ  4,вҡ–пёҸ  4,вҷЁ  32
рҹӘЁ  9,рҹҢӘпёҸ  4,вңЁ  9,рҹ“–  5,рҹ‘ҒпёҸ  4,вҡ–пёҸ  4,вҷЁ  20
рҹӘЁ  6,рҹҢӘпёҸ  6,вңЁ  8,рҹ“–  12,рҹ‘ҒпёҸ  5,вҡ–пёҸ  4,вҷЁ  28
рҹӘЁ  4,рҹҢӘпёҸ  10,вңЁ  5,рҹ“–  5,рҹ‘ҒпёҸ  10,вҡ–пёҸ  4,вҷЁ  24
рҹӘЁ  6,рҹҢӘпёҸ  6,вңЁ  9,рҹ“–  11,рҹ‘ҒпёҸ  6,вҡ–пёҸ  4,вҷЁ  28
рҹӘЁ  9,рҹҢӘпёҸ  4,вңЁ  5,рҹ“–  5,рҹ‘ҒпёҸ  11,вҡ–пёҸ  4,вҷЁ  24
рҹӘЁ  5,рҹҢӘпёҸ  8,вңЁ  5,рҹ“–  5,рҹ‘ҒпёҸ  11,вҡ–пёҸ  4,вҷЁ  24
рҹӘЁ  4,рҹҢӘпёҸ  5,вңЁ  6,рҹ“–  10,рҹ‘ҒпёҸ  10,вҡ–пёҸ  4,вҷЁ  25
рҹӘЁ  11,рҹҢӘпёҸ  4,вңЁ  8,рҹ“–  5,рҹ‘ҒпёҸ  5,вҡ–пёҸ  4,вҷЁ  23
рҹӘЁ  10,рҹҢӘпёҸ  11,вңЁ  6,рҹ“–  4,рҹ‘ҒпёҸ  4,вҡ–пёҸ  4,вҷЁ  26
рҹӘЁ  4,рҹҢӘпёҸ  5,вңЁ  8,рҹ“–  4,рҹ‘ҒпёҸ  9,вҡ–пёҸ  4,вҷЁ  19
рҹӘЁ  9,рҹҢӘпёҸ  8,вңЁ  5,рҹ“–  6,рҹ‘ҒпёҸ  4,вҡ–пёҸ  4,вҷЁ  20
рҹӘЁ  5,рҹҢӘпёҸ  9,вңЁ  11,рҹ“–  4,рҹ‘ҒпёҸ  4,вҡ–пёҸ  4,вҷЁ  24
рҹӘЁ  9,рҹҢӘпёҸ  5,вңЁ  10,рҹ“–  4,рҹ‘ҒпёҸ  6,вҡ–пёҸ  4,вҷЁ  24
рҹӘЁ  9,рҹҢӘпёҸ  5,вңЁ  12,рҹ“–  4,рҹ‘ҒпёҸ  5,вҡ–пёҸ  4,вҷЁ  26
рҹӘЁ  5,рҹҢӘпёҸ  4,вңЁ  11,рҹ“–  10,рҹ‘ҒпёҸ  6,вҡ–пёҸ  4,вҷЁ  27
рҹӘЁ  9,рҹҢӘпёҸ  5,вңЁ  8,рҹ“–  5,рҹ‘ҒпёҸ  5,вҡ–пёҸ  4,вҷЁ  20
рҹӘЁ  5,рҹҢӘпёҸ  4,вңЁ  6,рҹ“–  8,рҹ‘ҒпёҸ  9,вҡ–пёҸ  4,вҷЁ  20
рҹӘЁ  11,рҹҢӘпёҸ  9,вңЁ  6,рҹ“–  6,рҹ‘ҒпёҸ  5,вҡ–пёҸ  4,вҷЁ  27
рҹӘЁ  5,рҹҢӘпёҸ  4,вңЁ  10,рҹ“–  12,рҹ‘ҒпёҸ  4,вҡ–пёҸ  4,вҷЁ  27
рҹӘЁ  11,рҹҢӘпёҸ  10,вңЁ  6,рҹ“–  4,рҹ‘ҒпёҸ  6,вҡ–пёҸ  4,вҷЁ  28
рҹӘЁ  5,рҹҢӘпёҸ  11,вңЁ  5,рҹ“–  4,рҹ‘ҒпёҸ  11,вҡ–пёҸ  4,вҷЁ  28
рҹӘЁ  5,рҹҢӘпёҸ  6,вңЁ  5,рҹ“–  9,рҹ‘ҒпёҸ  11,вҡ–пёҸ  4,вҷЁ  26
рҹӘЁ  5,рҹҢӘпёҸ  5,вңЁ  10,рҹ“–  6,рҹ‘ҒпёҸ  10,вҡ–пёҸ  4,вҷЁ  26
рҹӘЁ  6,рҹҢӘпёҸ  12,вңЁ  11,рҹ“–  5,рҹ‘ҒпёҸ  5,вҡ–пёҸ  4,вҷЁ  32
рҹӘЁ  5,рҹҢӘпёҸ  5,вңЁ  11,рҹ“–  9,рҹ‘ҒпёҸ  6,вҡ–пёҸ  4,вҷЁ  26
рҹӘЁ  5,рҹҢӘпёҸ  5,вңЁ  10,рҹ“–  11,рҹ‘ҒпёҸ  5,вҡ–пёҸ  4,вҷЁ  27
рҹӘЁ  5,рҹҢӘпёҸ  5,вңЁ  8,рҹ“–  5,рҹ‘ҒпёҸ  12,вҡ–пёҸ  4,вҷЁ  26
рҹӘЁ  11,рҹҢӘпёҸ  5,вңЁ  4,рҹ“–  9,рҹ‘ҒпёҸ  5,вҡ–пёҸ  4,вҷЁ  24
рҹӘЁ  6,рҹҢӘпёҸ  11,вңЁ  11,рҹ“–  5,рҹ‘ҒпёҸ  5,вҡ–пёҸ  4,вҷЁ  30
рҹӘЁ  5,рҹҢӘпёҸ  11,вңЁ  10,рҹ“–  5,рҹ‘ҒпёҸ  5,вҡ–пёҸ  4,вҷЁ  27
рҹӘЁ  11,рҹҢӘпёҸ  5,вңЁ  6,рҹ“–  9,рҹ‘ҒпёҸ  5,вҡ–пёҸ  4,вҷЁ  26
рҹӘЁ  6,рҹҢӘпёҸ  5,вңЁ  10,рҹ“–  4,рҹ‘ҒпёҸ  8,вҡ–пёҸ  4,вҷЁ  22
рҹӘЁ  5,рҹҢӘпёҸ  10,вңЁ  6,рҹ“–  4,рҹ‘ҒпёҸ  10,вҡ–пёҸ  4,вҷЁ  25
рҹӘЁ  4,рҹҢӘпёҸ  9,вңЁ  5,рҹ“–  10,рҹ‘ҒпёҸ  6,вҡ–пёҸ  4,вҷЁ  24
рҹӘЁ  9,рҹҢӘпёҸ  4,вңЁ  11,рҹ“–  5,рҹ‘ҒпёҸ  6,вҡ–пёҸ  4,вҷЁ  25
рҹӘЁ  5,рҹҢӘпёҸ  5,вңЁ  5,рҹ“–  11,рҹ‘ҒпёҸ  12,вҡ–пёҸ  4,вҷЁ  31
рҹӘЁ  9,рҹҢӘпёҸ  5,вңЁ  5,рҹ“–  12,рҹ‘ҒпёҸ  4,вҡ–пёҸ  4,вҷЁ  26
рҹӘЁ  12,рҹҢӘпёҸ  8,вңЁ  4,рҹ“–  6,рҹ‘ҒпёҸ  5,вҡ–пёҸ  4,вҷЁ  26
рҹӘЁ  4,рҹҢӘпёҸ  9,вңЁ  5,рҹ“–  11,рҹ‘ҒпёҸ  5,вҡ–пёҸ  4,вҷЁ  24
рҹӘЁ  9,рҹҢӘпёҸ  6,вңЁ  10,рҹ“–  4,рҹ‘ҒпёҸ  5,вҡ–пёҸ  4,вҷЁ  24
рҹӘЁ  6,рҹҢӘпёҸ  9,вңЁ  5,рҹ“–  9,рҹ‘ҒпёҸ  6,вҡ–пёҸ  4,вҷЁ  24
рҹӘЁ  12,рҹҢӘпёҸ  6,вңЁ  4,рҹ“–  5,рҹ‘ҒпёҸ  11,вҡ–пёҸ  4,вҷЁ  31
рҹӘЁ  6,рҹҢӘпёҸ  4,вңЁ  5,рҹ“–  11,рҹ‘ҒпёҸ  12,вҡ–пёҸ  4,вҷЁ  31
рҹӘЁ  5,рҹҢӘпёҸ  5,вңЁ  9,рҹ“–  10,рҹ‘ҒпёҸ  5,вҡ–пёҸ  4,вҷЁ  23
рҹӘЁ  8,рҹҢӘпёҸ  8,вңЁ  6,рҹ“–  6,рҹ‘ҒпёҸ  4,вҡ–пёҸ  4,вҷЁ  20
рҹӘЁ  4,рҹҢӘпёҸ  8,вңЁ  9,рҹ“–  4,рҹ‘ҒпёҸ  6,вҡ–пёҸ  4,вҷЁ  20
рҹӘЁ  6,рҹҢӘпёҸ  9,вңЁ  8,рҹ“–  5,рҹ‘ҒпёҸ  5,вҡ–пёҸ  4,вҷЁ  21
рҹӘЁ  6,рҹҢӘпёҸ  5,вңЁ  12,рҹ“–  8,рҹ‘ҒпёҸ  5,вҡ–пёҸ  4,вҷЁ  27
рҹӘЁ  5,рҹҢӘпёҸ  5,вңЁ  6,рҹ“–  9,рҹ‘ҒпёҸ  11,вҡ–пёҸ  4,вҷЁ  26
рҹӘЁ  5,рҹҢӘпёҸ  9,вңЁ  4,рҹ“–  10,рҹ‘ҒпёҸ  6,вҡ–пёҸ  4,вҷЁ  24
рҹӘЁ  5,рҹҢӘпёҸ  4,вңЁ  9,рҹ“–  4,рҹ‘ҒпёҸ  12,вҡ–пёҸ  4,вҷЁ  26
рҹӘЁ  8,рҹҢӘпёҸ  5,вңЁ  11,рҹ“–  6,рҹ‘ҒпёҸ  5,вҡ–пёҸ  4,вҷЁ  25
рҹӘЁ  12,рҹҢӘпёҸ  5,вңЁ  12,рҹ“–  5,рҹ‘ҒпёҸ  6,вҡ–пёҸ  4,вҷЁ  34
рҹӘЁ  9,рҹҢӘпёҸ  4,вңЁ  9,рҹ“–  5,рҹ‘ҒпёҸ  6,вҡ–пёҸ  4,вҷЁ  22
рҹӘЁ  9,рҹҢӘпёҸ  5,вңЁ  5,рҹ“–  8,рҹ‘ҒпёҸ  5,вҡ–пёҸ  4,вҷЁ  20
рҹӘЁ  5,рҹҢӘпёҸ  5,вңЁ  5,рҹ“–  9,рҹ‘ҒпёҸ  11,вҡ–пёҸ  4,вҷЁ  25
рҹӘЁ  4,рҹҢӘпёҸ  4,вңЁ  11,рҹ“–  12,рҹ‘ҒпёҸ  6,вҡ–пёҸ  4,вҷЁ  30
рҹӘЁ  5,рҹҢӘпёҸ  11,вңЁ  5,рҹ“–  5,рҹ‘ҒпёҸ  8,вҡ–пёҸ  4,вҷЁ  24
рҹӘЁ  5,рҹҢӘпёҸ  12,вңЁ  5,рҹ“–  8,рҹ‘ҒпёҸ  6,вҡ–пёҸ  4,вҷЁ  27
рҹӘЁ  10,рҹҢӘпёҸ  4,вңЁ  5,рҹ“–  5,рҹ‘ҒпёҸ  12,вҡ–пёҸ  4,вҷЁ  28
рҹӘЁ  11,рҹҢӘпёҸ  5,вңЁ  6,рҹ“–  6,рҹ‘ҒпёҸ  9,вҡ–пёҸ  4,вҷЁ  27
рҹӘЁ  4,рҹҢӘпёҸ  10,вңЁ  5,рҹ“–  9,рҹ‘ҒпёҸ  6,вҡ–пёҸ  4,вҷЁ  24
рҹӘЁ  5,рҹҢӘпёҸ  10,вңЁ  5,рҹ“–  5,рҹ‘ҒпёҸ  8,вҡ–пёҸ  4,вҷЁ  22
рҹӘЁ  5,рҹҢӘпёҸ  9,вңЁ  5,рҹ“–  12,рҹ‘ҒпёҸ  6,вҡ–пёҸ  4,вҷЁ  28
рҹӘЁ  5,рҹҢӘпёҸ  9,вңЁ  9,рҹ“–  4,рҹ‘ҒпёҸ  4,вҡ–пёҸ  4,вҷЁ  20
рҹӘЁ  11,рҹҢӘпёҸ  8,вңЁ  10,рҹ“–  11,рҹ‘ҒпёҸ  10,вҡ–пёҸ  10,вҷЁ  25
